--------------------------------------------------------
--  File created - Sunday-May-27-2018   
--------------------------------------------------------
--------------------------------------------------------
--  DDL for Type EMP_ADDR_TYPE
--------------------------------------------------------

  CREATE OR REPLACE TYPE "FINAL"."EMP_ADDR_TYPE" as object
(
Street varchar2(50),
Road_no NUMBER ,
Upazilla VARCHAR2 (30),
City VARCHAR2(30),
Division VARCHAR2 (30)
);

/
--------------------------------------------------------
--  DDL for Sequence INSURANCE_ID_SEQ
--------------------------------------------------------

   CREATE SEQUENCE  "FINAL"."INSURANCE_ID_SEQ"  MINVALUE 1 MAXVALUE 9999 INCREMENT BY 1 START WITH 1021 CACHE 20 NOORDER  CYCLE ;
--------------------------------------------------------
--  DDL for Sequence LEAVE_APPLICATION_NO_SEQ
--------------------------------------------------------

   CREATE SEQUENCE  "FINAL"."LEAVE_APPLICATION_NO_SEQ"  MINVALUE 1 MAXVALUE 9999 INCREMENT BY 1 START WITH 1021 CACHE 20 NOORDER  CYCLE ;
--------------------------------------------------------
--  DDL for Sequence PENALTY_SLIP_NO_SEQ
--------------------------------------------------------

   CREATE SEQUENCE  "FINAL"."PENALTY_SLIP_NO_SEQ"  MINVALUE 1 MAXVALUE 9999 INCREMENT BY 1 START WITH 1021 CACHE 20 NOORDER  CYCLE ;
--------------------------------------------------------
--  DDL for Sequence REGINFO_REG_ID_SEQ
--------------------------------------------------------

   CREATE SEQUENCE  "FINAL"."REGINFO_REG_ID_SEQ"  MINVALUE 1 MAXVALUE 9999999999999999999999999999 INCREMENT BY 1 START WITH 1041 CACHE 20 NOORDER  NOCYCLE ;
--------------------------------------------------------
--  DDL for Table ASSIGNED
--------------------------------------------------------

  CREATE TABLE "FINAL"."ASSIGNED" 
   (	"REG_NUMBER" NUMBER(30,0), 
	"DRIVING_LICENSE" VARCHAR2(30 BYTE), 
	"ASSIGNED_DATE" DATE, 
	"ROUTE_NO" VARCHAR2(30 BYTE), 
	"HELPER_ID" VARCHAR2(30 BYTE)
   ) SEGMENT CREATION IMMEDIATE 
  PCTFREE 10 PCTUSED 40 INITRANS 1 MAXTRANS 255 NOCOMPRESS LOGGING
  STORAGE(INITIAL 65536 NEXT 1048576 MINEXTENTS 1 MAXEXTENTS 2147483645
  PCTINCREASE 0 FREELISTS 1 FREELIST GROUPS 1 BUFFER_POOL DEFAULT FLASH_CACHE DEFAULT CELL_FLASH_CACHE DEFAULT)
  TABLESPACE "USERS" ;
--------------------------------------------------------
--  DDL for Table ASSIGNEDVEHICLE
--------------------------------------------------------

  CREATE TABLE "FINAL"."ASSIGNEDVEHICLE" 
   (	"REG_NUMBER" NUMBER(30,0), 
	"VEH_NAME" VARCHAR2(30 BYTE), 
	"MODEL" VARCHAR2(30 BYTE), 
	"VEH_TYPE" VARCHAR2(30 BYTE)
   ) SEGMENT CREATION IMMEDIATE 
  PCTFREE 10 PCTUSED 40 INITRANS 1 MAXTRANS 255 NOCOMPRESS LOGGING
  STORAGE(INITIAL 65536 NEXT 1048576 MINEXTENTS 1 MAXEXTENTS 2147483645
  PCTINCREASE 0 FREELISTS 1 FREELIST GROUPS 1 BUFFER_POOL DEFAULT FLASH_CACHE DEFAULT CELL_FLASH_CACHE DEFAULT)
  TABLESPACE "USERS" ;
--------------------------------------------------------
--  DDL for Table BECOMES
--------------------------------------------------------

  CREATE TABLE "FINAL"."BECOMES" 
   (	"EMP_ID" VARCHAR2(30 BYTE), 
	"EMP_NID" VARCHAR2(30 BYTE)
   ) SEGMENT CREATION IMMEDIATE 
  PCTFREE 10 PCTUSED 40 INITRANS 1 MAXTRANS 255 NOCOMPRESS LOGGING
  STORAGE(INITIAL 65536 NEXT 1048576 MINEXTENTS 1 MAXEXTENTS 2147483645
  PCTINCREASE 0 FREELISTS 1 FREELIST GROUPS 1 BUFFER_POOL DEFAULT FLASH_CACHE DEFAULT CELL_FLASH_CACHE DEFAULT)
  TABLESPACE "USERS" ;
--------------------------------------------------------
--  DDL for Table BONUS
--------------------------------------------------------

  CREATE TABLE "FINAL"."BONUS" 
   (	"PAY_DATE" DATE, 
	"PAY_SERIAL_NO" NUMBER(30,0)
   ) SEGMENT CREATION IMMEDIATE 
  PCTFREE 10 PCTUSED 40 INITRANS 1 MAXTRANS 255 NOCOMPRESS LOGGING
  STORAGE(INITIAL 65536 NEXT 1048576 MINEXTENTS 1 MAXEXTENTS 2147483645
  PCTINCREASE 0 FREELISTS 1 FREELIST GROUPS 1 BUFFER_POOL DEFAULT FLASH_CACHE DEFAULT CELL_FLASH_CACHE DEFAULT)
  TABLESPACE "USERS" ;
--------------------------------------------------------
--  DDL for Table COMPANYINFO
--------------------------------------------------------

  CREATE TABLE "FINAL"."COMPANYINFO" 
   (	"OFFICE_NO" NUMBER, 
	"BRANCH_NAME" VARCHAR2(30 BYTE), 
	"OFFICE_ACC_NO" NUMBER, 
	"BRANCH_LOCATION" VARCHAR2(50 BYTE) DEFAULT 'ARAMBAGH'
   ) SEGMENT CREATION IMMEDIATE 
  PCTFREE 10 PCTUSED 40 INITRANS 1 MAXTRANS 255 NOCOMPRESS LOGGING
  STORAGE(INITIAL 65536 NEXT 1048576 MINEXTENTS 1 MAXEXTENTS 2147483645
  PCTINCREASE 0 FREELISTS 1 FREELIST GROUPS 1 BUFFER_POOL DEFAULT FLASH_CACHE DEFAULT CELL_FLASH_CACHE DEFAULT)
  TABLESPACE "USERS" ;
--------------------------------------------------------
--  DDL for Table CONTACT_NUM
--------------------------------------------------------

  CREATE TABLE "FINAL"."CONTACT_NUM" 
   (	"DEP_NID" VARCHAR2(30 BYTE), 
	"CONTACTNUMBER" NUMBER
   ) SEGMENT CREATION IMMEDIATE 
  PCTFREE 10 PCTUSED 40 INITRANS 1 MAXTRANS 255 NOCOMPRESS LOGGING
  STORAGE(INITIAL 65536 NEXT 1048576 MINEXTENTS 1 MAXEXTENTS 2147483645
  PCTINCREASE 0 FREELISTS 1 FREELIST GROUPS 1 BUFFER_POOL DEFAULT FLASH_CACHE DEFAULT CELL_FLASH_CACHE DEFAULT)
  TABLESPACE "USERS" ;
--------------------------------------------------------
--  DDL for Table DEPENDENTS
--------------------------------------------------------

  CREATE TABLE "FINAL"."DEPENDENTS" 
   (	"DEP_NID" VARCHAR2(30 BYTE), 
	"DEP_NAME" VARCHAR2(40 BYTE), 
	"RELATION" VARCHAR2(20 BYTE), 
	"GENDER" VARCHAR2(20 BYTE)
   ) SEGMENT CREATION IMMEDIATE 
  PCTFREE 10 PCTUSED 40 INITRANS 1 MAXTRANS 255 NOCOMPRESS LOGGING
  STORAGE(INITIAL 65536 NEXT 1048576 MINEXTENTS 1 MAXEXTENTS 2147483645
  PCTINCREASE 0 FREELISTS 1 FREELIST GROUPS 1 BUFFER_POOL DEFAULT FLASH_CACHE DEFAULT CELL_FLASH_CACHE DEFAULT)
  TABLESPACE "USERS" ;
--------------------------------------------------------
--  DDL for Table DEPENDS_ON
--------------------------------------------------------

  CREATE TABLE "FINAL"."DEPENDS_ON" 
   (	"EMP_ID" VARCHAR2(30 BYTE), 
	"DEP_NID" VARCHAR2(30 BYTE)
   ) SEGMENT CREATION IMMEDIATE 
  PCTFREE 10 PCTUSED 40 INITRANS 1 MAXTRANS 255 NOCOMPRESS LOGGING
  STORAGE(INITIAL 65536 NEXT 1048576 MINEXTENTS 1 MAXEXTENTS 2147483645
  PCTINCREASE 0 FREELISTS 1 FREELIST GROUPS 1 BUFFER_POOL DEFAULT FLASH_CACHE DEFAULT CELL_FLASH_CACHE DEFAULT)
  TABLESPACE "USERS" ;
--------------------------------------------------------
--  DDL for Table DRIVER
--------------------------------------------------------

  CREATE TABLE "FINAL"."DRIVER" 
   (	"DRIVING_LICENSE" VARCHAR2(30 BYTE), 
	"CATAGORY" VARCHAR2(30 BYTE), 
	"GAINED_TRAINING" VARCHAR2(50 BYTE), 
	"EMP_ID" VARCHAR2(30 BYTE)
   ) SEGMENT CREATION IMMEDIATE 
  PCTFREE 10 PCTUSED 40 INITRANS 1 MAXTRANS 255 NOCOMPRESS LOGGING
  STORAGE(INITIAL 65536 NEXT 1048576 MINEXTENTS 1 MAXEXTENTS 2147483645
  PCTINCREASE 0 FREELISTS 1 FREELIST GROUPS 1 BUFFER_POOL DEFAULT FLASH_CACHE DEFAULT CELL_FLASH_CACHE DEFAULT)
  TABLESPACE "USERS" ;
--------------------------------------------------------
--  DDL for Table EDUCATION
--------------------------------------------------------

  CREATE TABLE "FINAL"."EDUCATION" 
   (	"QUALI_TEST_SERIAL" VARCHAR2(20 BYTE), 
	"QUALI_TEST_DATE" DATE, 
	"EDU_DETAILS" VARCHAR2(20 BYTE)
   ) SEGMENT CREATION IMMEDIATE 
  PCTFREE 10 PCTUSED 40 INITRANS 1 MAXTRANS 255 NOCOMPRESS LOGGING
  STORAGE(INITIAL 65536 NEXT 1048576 MINEXTENTS 1 MAXEXTENTS 2147483645
  PCTINCREASE 0 FREELISTS 1 FREELIST GROUPS 1 BUFFER_POOL DEFAULT FLASH_CACHE DEFAULT CELL_FLASH_CACHE DEFAULT)
  TABLESPACE "USERS" ;
--------------------------------------------------------
--  DDL for Table EMAIL
--------------------------------------------------------

  CREATE TABLE "FINAL"."EMAIL" 
   (	"EMP_ID" VARCHAR2(30 BYTE), 
	"EMAIL_ID" VARCHAR2(50 BYTE)
   ) SEGMENT CREATION IMMEDIATE 
  PCTFREE 10 PCTUSED 40 INITRANS 1 MAXTRANS 255 NOCOMPRESS LOGGING
  STORAGE(INITIAL 65536 NEXT 1048576 MINEXTENTS 1 MAXEXTENTS 2147483645
  PCTINCREASE 0 FREELISTS 1 FREELIST GROUPS 1 BUFFER_POOL DEFAULT FLASH_CACHE DEFAULT CELL_FLASH_CACHE DEFAULT)
  TABLESPACE "USERS" ;
--------------------------------------------------------
--  DDL for Table EMERGENCY_HELP
--------------------------------------------------------

  CREATE TABLE "FINAL"."EMERGENCY_HELP" 
   (	"HELP_AMOUNT" NUMBER, 
	"EMP_ID" VARCHAR2(30 BYTE), 
	"CAUSE_OF_HELP" VARCHAR2(50 BYTE)
   ) SEGMENT CREATION IMMEDIATE 
  PCTFREE 10 PCTUSED 40 INITRANS 1 MAXTRANS 255 NOCOMPRESS LOGGING
  STORAGE(INITIAL 65536 NEXT 1048576 MINEXTENTS 1 MAXEXTENTS 2147483645
  PCTINCREASE 0 FREELISTS 1 FREELIST GROUPS 1 BUFFER_POOL DEFAULT FLASH_CACHE DEFAULT CELL_FLASH_CACHE DEFAULT)
  TABLESPACE "USERS" ;
--------------------------------------------------------
--  DDL for Table EMPLOYEE
--------------------------------------------------------

  CREATE TABLE "FINAL"."EMPLOYEE" 
   (	"EMP_ID" VARCHAR2(30 BYTE), 
	"FIRST_NAME" VARCHAR2(20 BYTE), 
	"MIDDLE_NAME" VARCHAR2(20 BYTE), 
	"LAST_NAME" VARCHAR2(20 BYTE), 
	"EMP_NID" VARCHAR2(30 BYTE), 
	"BIRTH_CERT_NO" NUMBER, 
	"FATHER_NAME" VARCHAR2(30 BYTE), 
	"MOTHER_NAME" VARCHAR2(30 BYTE), 
	"DATE_OF_BIRTH" DATE, 
	"LEAVING_DATE" DATE, 
	"JOINING_DATE" DATE, 
	"EMP_TYPE" VARCHAR2(30 BYTE), 
	"REPORTS_TO" VARCHAR2(30 BYTE), 
	"ADDRESS" "FINAL"."EMP_ADDR_TYPE" 
   ) SEGMENT CREATION IMMEDIATE 
  PCTFREE 10 PCTUSED 40 INITRANS 1 MAXTRANS 255 NOCOMPRESS LOGGING
  STORAGE(INITIAL 65536 NEXT 1048576 MINEXTENTS 1 MAXEXTENTS 2147483645
  PCTINCREASE 0 FREELISTS 1 FREELIST GROUPS 1 BUFFER_POOL DEFAULT FLASH_CACHE DEFAULT CELL_FLASH_CACHE DEFAULT)
  TABLESPACE "USERS" ;
--------------------------------------------------------
--  DDL for Table EXPERIENCE
--------------------------------------------------------

  CREATE TABLE "FINAL"."EXPERIENCE" 
   (	"QUALI_TEST_SERIAL" VARCHAR2(20 BYTE), 
	"QUALI_TEST_DATE" DATE, 
	"YRS_OF_EXPERIENCE" NUMBER, 
	"PREVIOUS_ORG" VARCHAR2(30 BYTE)
   ) SEGMENT CREATION IMMEDIATE 
  PCTFREE 10 PCTUSED 40 INITRANS 1 MAXTRANS 255 NOCOMPRESS LOGGING
  STORAGE(INITIAL 65536 NEXT 1048576 MINEXTENTS 1 MAXEXTENTS 2147483645
  PCTINCREASE 0 FREELISTS 1 FREELIST GROUPS 1 BUFFER_POOL DEFAULT FLASH_CACHE DEFAULT CELL_FLASH_CACHE DEFAULT)
  TABLESPACE "USERS" ;
--------------------------------------------------------
--  DDL for Table EX_EMPLOYEE
--------------------------------------------------------

  CREATE TABLE "FINAL"."EX_EMPLOYEE" 
   (	"EMP_ID" VARCHAR2(30 BYTE), 
	"FIRST_NAME" VARCHAR2(20 BYTE), 
	"MIDDLE_NAME" VARCHAR2(20 BYTE), 
	"LAST_NAME" VARCHAR2(20 BYTE), 
	"EMP_NID" VARCHAR2(30 BYTE), 
	"BIRTH_CERT_NO" NUMBER, 
	"FATHER_NAME" VARCHAR2(30 BYTE), 
	"MOTHER_NAME" VARCHAR2(30 BYTE), 
	"DATE_OF_BIRTH" DATE, 
	"LEAVING_DATE" DATE, 
	"JOINING_DATE" DATE, 
	"EMP_TYPE" VARCHAR2(30 BYTE), 
	"REPORTS_TO" VARCHAR2(30 BYTE), 
	"ADDRESS" "FINAL"."EMP_ADDR_TYPE" 
   ) SEGMENT CREATION IMMEDIATE 
  PCTFREE 10 PCTUSED 40 INITRANS 1 MAXTRANS 255 NOCOMPRESS LOGGING
  STORAGE(INITIAL 65536 NEXT 1048576 MINEXTENTS 1 MAXEXTENTS 2147483645
  PCTINCREASE 0 FREELISTS 1 FREELIST GROUPS 1 BUFFER_POOL DEFAULT FLASH_CACHE DEFAULT CELL_FLASH_CACHE DEFAULT)
  TABLESPACE "USERS" ;
--------------------------------------------------------
--  DDL for Table FEEDBACK
--------------------------------------------------------

  CREATE TABLE "FINAL"."FEEDBACK" 
   (	"EMP_NID" VARCHAR2(30 BYTE), 
	"EMP_BEHAVIOUR" VARCHAR2(100 BYTE), 
	"COMPLAINTS" VARCHAR2(150 BYTE), 
	"EMP_ATTENDANCE_REGULARITY" VARCHAR2(10 BYTE)
   ) SEGMENT CREATION IMMEDIATE 
  PCTFREE 10 PCTUSED 40 INITRANS 1 MAXTRANS 255 NOCOMPRESS LOGGING
  STORAGE(INITIAL 65536 NEXT 1048576 MINEXTENTS 1 MAXEXTENTS 2147483645
  PCTINCREASE 0 FREELISTS 1 FREELIST GROUPS 1 BUFFER_POOL DEFAULT FLASH_CACHE DEFAULT CELL_FLASH_CACHE DEFAULT)
  TABLESPACE "USERS" ;
--------------------------------------------------------
--  DDL for Table GETS_FEEDBACK
--------------------------------------------------------

  CREATE TABLE "FINAL"."GETS_FEEDBACK" 
   (	"EMP_NID" VARCHAR2(30 BYTE), 
	"EMP_ID" VARCHAR2(30 BYTE)
   ) SEGMENT CREATION IMMEDIATE 
  PCTFREE 10 PCTUSED 40 INITRANS 1 MAXTRANS 255 NOCOMPRESS LOGGING
  STORAGE(INITIAL 65536 NEXT 1048576 MINEXTENTS 1 MAXEXTENTS 2147483645
  PCTINCREASE 0 FREELISTS 1 FREELIST GROUPS 1 BUFFER_POOL DEFAULT FLASH_CACHE DEFAULT CELL_FLASH_CACHE DEFAULT)
  TABLESPACE "USERS" ;
--------------------------------------------------------
--  DDL for Table GETS_PAID
--------------------------------------------------------

  CREATE TABLE "FINAL"."GETS_PAID" 
   (	"TRANSACTION_ID" VARCHAR2(30 BYTE), 
	"TRANSACTION_DATE" DATE, 
	"EMP_ID" VARCHAR2(30 BYTE)
   ) SEGMENT CREATION IMMEDIATE 
  PCTFREE 10 PCTUSED 40 INITRANS 1 MAXTRANS 255 NOCOMPRESS LOGGING
  STORAGE(INITIAL 65536 NEXT 1048576 MINEXTENTS 1 MAXEXTENTS 2147483645
  PCTINCREASE 0 FREELISTS 1 FREELIST GROUPS 1 BUFFER_POOL DEFAULT FLASH_CACHE DEFAULT CELL_FLASH_CACHE DEFAULT)
  TABLESPACE "USERS" ;
--------------------------------------------------------
--  DDL for Table GOES_IN
--------------------------------------------------------

  CREATE TABLE "FINAL"."GOES_IN" 
   (	"REG_NUMBER" NUMBER, 
	"ROUTE_NO" VARCHAR2(20 BYTE), 
	"DRIVING_LICENSE" VARCHAR2(30 BYTE)
   ) SEGMENT CREATION IMMEDIATE 
  PCTFREE 10 PCTUSED 40 INITRANS 1 MAXTRANS 255 NOCOMPRESS LOGGING
  STORAGE(INITIAL 65536 NEXT 1048576 MINEXTENTS 1 MAXEXTENTS 2147483645
  PCTINCREASE 0 FREELISTS 1 FREELIST GROUPS 1 BUFFER_POOL DEFAULT FLASH_CACHE DEFAULT CELL_FLASH_CACHE DEFAULT)
  TABLESPACE "USERS" ;
--------------------------------------------------------
--  DDL for Table GOT_DAMAGED
--------------------------------------------------------

  CREATE TABLE "FINAL"."GOT_DAMAGED" 
   (	"REG_NUMBER" NUMBER, 
	"ROUTE_NO" VARCHAR2(20 BYTE)
   ) SEGMENT CREATION IMMEDIATE 
  PCTFREE 10 PCTUSED 40 INITRANS 1 MAXTRANS 255 NOCOMPRESS LOGGING
  STORAGE(INITIAL 65536 NEXT 1048576 MINEXTENTS 1 MAXEXTENTS 2147483645
  PCTINCREASE 0 FREELISTS 1 FREELIST GROUPS 1 BUFFER_POOL DEFAULT FLASH_CACHE DEFAULT CELL_FLASH_CACHE DEFAULT)
  TABLESPACE "USERS" ;
--------------------------------------------------------
--  DDL for Table HAS_INSURANCE
--------------------------------------------------------

  CREATE TABLE "FINAL"."HAS_INSURANCE" 
   (	"INSURANCE_ID" VARCHAR2(20 BYTE), 
	"EMP_ID" VARCHAR2(30 BYTE)
   ) SEGMENT CREATION IMMEDIATE 
  PCTFREE 10 PCTUSED 40 INITRANS 1 MAXTRANS 255 NOCOMPRESS LOGGING
  STORAGE(INITIAL 65536 NEXT 1048576 MINEXTENTS 1 MAXEXTENTS 2147483645
  PCTINCREASE 0 FREELISTS 1 FREELIST GROUPS 1 BUFFER_POOL DEFAULT FLASH_CACHE DEFAULT CELL_FLASH_CACHE DEFAULT)
  TABLESPACE "USERS" ;
--------------------------------------------------------
--  DDL for Table HEALTHINFO
--------------------------------------------------------

  CREATE TABLE "FINAL"."HEALTHINFO" 
   (	"TEST_SERIAL" VARCHAR2(30 BYTE), 
	"TEST_DATE" DATE, 
	"BLOOD_GROUP" VARCHAR2(10 BYTE), 
	"HEIGHT" NUMBER, 
	"WEIGHT" NUMBER, 
	"EYESIGHT" VARCHAR2(20 BYTE), 
	"DRUG_TEST" VARCHAR2(30 BYTE)
   ) SEGMENT CREATION IMMEDIATE 
  PCTFREE 10 PCTUSED 40 INITRANS 1 MAXTRANS 255 NOCOMPRESS LOGGING
  STORAGE(INITIAL 65536 NEXT 1048576 MINEXTENTS 1 MAXEXTENTS 2147483645
  PCTINCREASE 0 FREELISTS 1 FREELIST GROUPS 1 BUFFER_POOL DEFAULT FLASH_CACHE DEFAULT CELL_FLASH_CACHE DEFAULT)
  TABLESPACE "USERS" ;
--------------------------------------------------------
--  DDL for Table HEALTH_CONDITION
--------------------------------------------------------

  CREATE TABLE "FINAL"."HEALTH_CONDITION" 
   (	"EMP_ID" VARCHAR2(30 BYTE), 
	"TEST_SERIAL" VARCHAR2(30 BYTE), 
	"TEST_DATE" DATE
   ) SEGMENT CREATION IMMEDIATE 
  PCTFREE 10 PCTUSED 40 INITRANS 1 MAXTRANS 255 NOCOMPRESS LOGGING
  STORAGE(INITIAL 65536 NEXT 1048576 MINEXTENTS 1 MAXEXTENTS 2147483645
  PCTINCREASE 0 FREELISTS 1 FREELIST GROUPS 1 BUFFER_POOL DEFAULT FLASH_CACHE DEFAULT CELL_FLASH_CACHE DEFAULT)
  TABLESPACE "USERS" ;
--------------------------------------------------------
--  DDL for Table INCLUDES
--------------------------------------------------------

  CREATE TABLE "FINAL"."INCLUDES" 
   (	"TRANSACTION_ID" VARCHAR2(30 BYTE), 
	"TRANSACTION_DATE" DATE, 
	"PAY_SERIAL_NO" NUMBER(30,0), 
	"PAY_DATE" DATE
   ) SEGMENT CREATION IMMEDIATE 
  PCTFREE 10 PCTUSED 40 INITRANS 1 MAXTRANS 255 NOCOMPRESS LOGGING
  STORAGE(INITIAL 65536 NEXT 1048576 MINEXTENTS 1 MAXEXTENTS 2147483645
  PCTINCREASE 0 FREELISTS 1 FREELIST GROUPS 1 BUFFER_POOL DEFAULT FLASH_CACHE DEFAULT CELL_FLASH_CACHE DEFAULT)
  TABLESPACE "USERS" ;
--------------------------------------------------------
--  DDL for Table INSURANCE
--------------------------------------------------------

  CREATE TABLE "FINAL"."INSURANCE" 
   (	"INSURANCE_ID" VARCHAR2(20 BYTE), 
	"COMPANY_NAME" VARCHAR2(30 BYTE), 
	"INSURANCE_TYPE" VARCHAR2(30 BYTE), 
	"INSURANCE_AMOUNT" NUMBER
   ) SEGMENT CREATION IMMEDIATE 
  PCTFREE 10 PCTUSED 40 INITRANS 1 MAXTRANS 255 NOCOMPRESS LOGGING
  STORAGE(INITIAL 65536 NEXT 1048576 MINEXTENTS 1 MAXEXTENTS 2147483645
  PCTINCREASE 0 FREELISTS 1 FREELIST GROUPS 1 BUFFER_POOL DEFAULT FLASH_CACHE DEFAULT CELL_FLASH_CACHE DEFAULT)
  TABLESPACE "USERS" ;
--------------------------------------------------------
--  DDL for Table LEAVE
--------------------------------------------------------

  CREATE TABLE "FINAL"."LEAVE" 
   (	"APPLICATION_NO" NUMBER(30,0), 
	"APPLICATION_DATE" DATE, 
	"START_DATE" DATE, 
	"END_DATE" DATE, 
	"GRANTING_PERSON" VARCHAR2(40 BYTE), 
	"REASON" VARCHAR2(100 BYTE)
   ) SEGMENT CREATION IMMEDIATE 
  PCTFREE 10 PCTUSED 40 INITRANS 1 MAXTRANS 255 NOCOMPRESS LOGGING
  STORAGE(INITIAL 65536 NEXT 1048576 MINEXTENTS 1 MAXEXTENTS 2147483645
  PCTINCREASE 0 FREELISTS 1 FREELIST GROUPS 1 BUFFER_POOL DEFAULT FLASH_CACHE DEFAULT CELL_FLASH_CACHE DEFAULT)
  TABLESPACE "USERS" ;
--------------------------------------------------------
--  DDL for Table LEAVE_TAKEN
--------------------------------------------------------

  CREATE TABLE "FINAL"."LEAVE_TAKEN" 
   (	"EMP_ID" VARCHAR2(30 BYTE), 
	"APPLICATION_NO" NUMBER(30,0), 
	"APPLICATION_DATE" DATE
   ) SEGMENT CREATION IMMEDIATE 
  PCTFREE 10 PCTUSED 40 INITRANS 1 MAXTRANS 255 NOCOMPRESS LOGGING
  STORAGE(INITIAL 65536 NEXT 1048576 MINEXTENTS 1 MAXEXTENTS 2147483645
  PCTINCREASE 0 FREELISTS 1 FREELIST GROUPS 1 BUFFER_POOL DEFAULT FLASH_CACHE DEFAULT CELL_FLASH_CACHE DEFAULT)
  TABLESPACE "USERS" ;
--------------------------------------------------------
--  DDL for Table OFFICE_CONTACT_INFO
--------------------------------------------------------

  CREATE TABLE "FINAL"."OFFICE_CONTACT_INFO" 
   (	"OFFICE_NO" NUMBER, 
	"OFFICE_CONTACT_NO" NUMBER
   ) SEGMENT CREATION IMMEDIATE 
  PCTFREE 10 PCTUSED 40 INITRANS 1 MAXTRANS 255 NOCOMPRESS LOGGING
  STORAGE(INITIAL 65536 NEXT 1048576 MINEXTENTS 1 MAXEXTENTS 2147483645
  PCTINCREASE 0 FREELISTS 1 FREELIST GROUPS 1 BUFFER_POOL DEFAULT FLASH_CACHE DEFAULT CELL_FLASH_CACHE DEFAULT)
  TABLESPACE "USERS" ;
--------------------------------------------------------
--  DDL for Table OVERTIME
--------------------------------------------------------

  CREATE TABLE "FINAL"."OVERTIME" 
   (	"SHIFT" VARCHAR2(20 BYTE) DEFAULT 'MORNING SHIFT', 
	"OVERTIME_DATE" DATE, 
	"EMP_ID" VARCHAR2(30 BYTE)
   ) SEGMENT CREATION IMMEDIATE 
  PCTFREE 10 PCTUSED 40 INITRANS 1 MAXTRANS 255 NOCOMPRESS LOGGING
  STORAGE(INITIAL 65536 NEXT 1048576 MINEXTENTS 1 MAXEXTENTS 2147483645
  PCTINCREASE 0 FREELISTS 1 FREELIST GROUPS 1 BUFFER_POOL DEFAULT FLASH_CACHE DEFAULT CELL_FLASH_CACHE DEFAULT)
  TABLESPACE "USERS" ;
--------------------------------------------------------
--  DDL for Table PENALTY
--------------------------------------------------------

  CREATE TABLE "FINAL"."PENALTY" 
   (	"SLIP_NO" VARCHAR2(20 BYTE), 
	"AMOUNT_CHARGED" NUMBER, 
	"REASON_OF_PENALTY" VARCHAR2(50 BYTE), 
	"PENALTY_DATE" DATE
   ) SEGMENT CREATION IMMEDIATE 
  PCTFREE 10 PCTUSED 40 INITRANS 1 MAXTRANS 255 NOCOMPRESS LOGGING
  STORAGE(INITIAL 65536 NEXT 1048576 MINEXTENTS 1 MAXEXTENTS 2147483645
  PCTINCREASE 0 FREELISTS 1 FREELIST GROUPS 1 BUFFER_POOL DEFAULT FLASH_CACHE DEFAULT CELL_FLASH_CACHE DEFAULT)
  TABLESPACE "USERS" ;
--------------------------------------------------------
--  DDL for Table PENALTY_CHARGED
--------------------------------------------------------

  CREATE TABLE "FINAL"."PENALTY_CHARGED" 
   (	"SLIP_NO" VARCHAR2(20 BYTE), 
	"PENALTY_DATE" DATE, 
	"EMP_ID" VARCHAR2(30 BYTE)
   ) SEGMENT CREATION IMMEDIATE 
  PCTFREE 10 PCTUSED 40 INITRANS 1 MAXTRANS 255 NOCOMPRESS LOGGING
  STORAGE(INITIAL 65536 NEXT 1048576 MINEXTENTS 1 MAXEXTENTS 2147483645
  PCTINCREASE 0 FREELISTS 1 FREELIST GROUPS 1 BUFFER_POOL DEFAULT FLASH_CACHE DEFAULT CELL_FLASH_CACHE DEFAULT)
  TABLESPACE "USERS" ;
--------------------------------------------------------
--  DDL for Table PHONE_NO
--------------------------------------------------------

  CREATE TABLE "FINAL"."PHONE_NO" 
   (	"EMP_ID" VARCHAR2(30 BYTE), 
	"PHONE_NUM" NUMBER
   ) SEGMENT CREATION IMMEDIATE 
  PCTFREE 10 PCTUSED 40 INITRANS 1 MAXTRANS 255 NOCOMPRESS LOGGING
  STORAGE(INITIAL 65536 NEXT 1048576 MINEXTENTS 1 MAXEXTENTS 2147483645
  PCTINCREASE 0 FREELISTS 1 FREELIST GROUPS 1 BUFFER_POOL DEFAULT FLASH_CACHE DEFAULT CELL_FLASH_CACHE DEFAULT)
  TABLESPACE "USERS" ;
--------------------------------------------------------
--  DDL for Table PROVIDES
--------------------------------------------------------

  CREATE TABLE "FINAL"."PROVIDES" 
   (	"OFFICE_NO" NUMBER, 
	"EMP_ID" VARCHAR2(30 BYTE)
   ) SEGMENT CREATION IMMEDIATE 
  PCTFREE 10 PCTUSED 40 INITRANS 1 MAXTRANS 255 NOCOMPRESS LOGGING
  STORAGE(INITIAL 65536 NEXT 1048576 MINEXTENTS 1 MAXEXTENTS 2147483645
  PCTINCREASE 0 FREELISTS 1 FREELIST GROUPS 1 BUFFER_POOL DEFAULT FLASH_CACHE DEFAULT CELL_FLASH_CACHE DEFAULT)
  TABLESPACE "USERS" ;
--------------------------------------------------------
--  DDL for Table QUALIFICATION
--------------------------------------------------------

  CREATE TABLE "FINAL"."QUALIFICATION" 
   (	"QUALI_TEST_SERIAL" VARCHAR2(20 BYTE), 
	"QUALI_TEST_DATE" DATE, 
	"REMARKS_OF_PASSEDTEST" VARCHAR2(50 BYTE), 
	"AMATEUR" VARCHAR2(10 BYTE)
   ) SEGMENT CREATION IMMEDIATE 
  PCTFREE 10 PCTUSED 40 INITRANS 1 MAXTRANS 255 NOCOMPRESS LOGGING
  STORAGE(INITIAL 65536 NEXT 1048576 MINEXTENTS 1 MAXEXTENTS 2147483645
  PCTINCREASE 0 FREELISTS 1 FREELIST GROUPS 1 BUFFER_POOL DEFAULT FLASH_CACHE DEFAULT CELL_FLASH_CACHE DEFAULT)
  TABLESPACE "USERS" ;
--------------------------------------------------------
--  DDL for Table QUALIFIED_AS
--------------------------------------------------------

  CREATE TABLE "FINAL"."QUALIFIED_AS" 
   (	"QUALI_TEST_SERIAL" VARCHAR2(20 BYTE), 
	"QUALI_TEST_DATE" DATE, 
	"EMP_ID" VARCHAR2(20 BYTE)
   ) SEGMENT CREATION IMMEDIATE 
  PCTFREE 10 PCTUSED 40 INITRANS 1 MAXTRANS 255 NOCOMPRESS LOGGING
  STORAGE(INITIAL 65536 NEXT 1048576 MINEXTENTS 1 MAXEXTENTS 2147483645
  PCTINCREASE 0 FREELISTS 1 FREELIST GROUPS 1 BUFFER_POOL DEFAULT FLASH_CACHE DEFAULT CELL_FLASH_CACHE DEFAULT)
  TABLESPACE "USERS" ;
--------------------------------------------------------
--  DDL for Table REASON
--------------------------------------------------------

  CREATE TABLE "FINAL"."REASON" 
   (	"PAY_DATE" DATE, 
	"PAY_SERIAL_NO" NUMBER(30,0), 
	"PAY_REASON" VARCHAR2(50 BYTE)
   ) SEGMENT CREATION IMMEDIATE 
  PCTFREE 10 PCTUSED 40 INITRANS 1 MAXTRANS 255 NOCOMPRESS LOGGING
  STORAGE(INITIAL 65536 NEXT 1048576 MINEXTENTS 1 MAXEXTENTS 2147483645
  PCTINCREASE 0 FREELISTS 1 FREELIST GROUPS 1 BUFFER_POOL DEFAULT FLASH_CACHE DEFAULT CELL_FLASH_CACHE DEFAULT)
  TABLESPACE "USERS" ;
--------------------------------------------------------
--  DDL for Table REGINFO
--------------------------------------------------------

  CREATE TABLE "FINAL"."REGINFO" 
   (	"REG_ID" NUMBER, 
	"REG_FIRST_NAME" VARCHAR2(30 BYTE), 
	"REG_MIDDLE_NAME" VARCHAR2(30 BYTE), 
	"REG_LAST_NAME" VARCHAR2(30 BYTE), 
	"REG_EMAIL" VARCHAR2(30 BYTE), 
	"REG_PASS" VARCHAR2(30 BYTE), 
	"CHECK_VAL" NUMBER DEFAULT 1
   ) SEGMENT CREATION IMMEDIATE 
  PCTFREE 10 PCTUSED 40 INITRANS 1 MAXTRANS 255 NOCOMPRESS LOGGING
  STORAGE(INITIAL 65536 NEXT 1048576 MINEXTENTS 1 MAXEXTENTS 2147483645
  PCTINCREASE 0 FREELISTS 1 FREELIST GROUPS 1 BUFFER_POOL DEFAULT FLASH_CACHE DEFAULT CELL_FLASH_CACHE DEFAULT)
  TABLESPACE "USERS" ;
--------------------------------------------------------
--  DDL for Table ROUTE
--------------------------------------------------------

  CREATE TABLE "FINAL"."ROUTE" 
   (	"ROUTE_NO" VARCHAR2(20 BYTE), 
	"START_LOCATION" VARCHAR2(30 BYTE), 
	"END_LOCATION" VARCHAR2(30 BYTE), 
	"STOPPAGES" VARCHAR2(30 BYTE), 
	"CITY" VARCHAR2(30 BYTE) DEFAULT 'DHAKA'
   ) SEGMENT CREATION IMMEDIATE 
  PCTFREE 10 PCTUSED 40 INITRANS 1 MAXTRANS 255 NOCOMPRESS LOGGING
  STORAGE(INITIAL 65536 NEXT 1048576 MINEXTENTS 1 MAXEXTENTS 2147483645
  PCTINCREASE 0 FREELISTS 1 FREELIST GROUPS 1 BUFFER_POOL DEFAULT FLASH_CACHE DEFAULT CELL_FLASH_CACHE DEFAULT)
  TABLESPACE "USERS" ;
--------------------------------------------------------
--  DDL for Table SALARY
--------------------------------------------------------

  CREATE TABLE "FINAL"."SALARY" 
   (	"TRANSACTION_ID" VARCHAR2(30 BYTE), 
	"TRANSACTION_DATE" DATE, 
	"BASIC" NUMBER(30,0), 
	"FOOD_ALLOWANCE" NUMBER(30,0), 
	"RESIDENCE_ALLOWANCE" NUMBER(30,0), 
	"TRANSPORT_ALLOWANCE" NUMBER(30,0)
   ) SEGMENT CREATION IMMEDIATE 
  PCTFREE 10 PCTUSED 40 INITRANS 1 MAXTRANS 255 NOCOMPRESS LOGGING
  STORAGE(INITIAL 65536 NEXT 1048576 MINEXTENTS 1 MAXEXTENTS 2147483645
  PCTINCREASE 0 FREELISTS 1 FREELIST GROUPS 1 BUFFER_POOL DEFAULT FLASH_CACHE DEFAULT CELL_FLASH_CACHE DEFAULT)
  TABLESPACE "USERS" ;
--------------------------------------------------------
--  DDL for Table SAL_CHECK
--------------------------------------------------------

  CREATE TABLE "FINAL"."SAL_CHECK" 
   (	"EMP_TYPE" VARCHAR2(30 BYTE), 
	"BASIC" NUMBER
   ) SEGMENT CREATION IMMEDIATE 
  PCTFREE 10 PCTUSED 40 INITRANS 1 MAXTRANS 255 NOCOMPRESS LOGGING
  STORAGE(INITIAL 65536 NEXT 1048576 MINEXTENTS 1 MAXEXTENTS 2147483645
  PCTINCREASE 0 FREELISTS 1 FREELIST GROUPS 1 BUFFER_POOL DEFAULT FLASH_CACHE DEFAULT CELL_FLASH_CACHE DEFAULT)
  TABLESPACE "USERS" ;
--------------------------------------------------------
--  DDL for Table SUPERVISOR
--------------------------------------------------------

  CREATE TABLE "FINAL"."SUPERVISOR" 
   (	"EMP_ID" VARCHAR2(30 BYTE), 
	"ROUTE_NO" VARCHAR2(20 BYTE), 
	"DESIGNATION" VARCHAR2(20 BYTE), 
	"SV_ROUTE" VARCHAR2(30 BYTE)
   ) SEGMENT CREATION IMMEDIATE 
  PCTFREE 10 PCTUSED 40 INITRANS 1 MAXTRANS 255 NOCOMPRESS LOGGING
  STORAGE(INITIAL 65536 NEXT 1048576 MINEXTENTS 1 MAXEXTENTS 2147483645
  PCTINCREASE 0 FREELISTS 1 FREELIST GROUPS 1 BUFFER_POOL DEFAULT FLASH_CACHE DEFAULT CELL_FLASH_CACHE DEFAULT)
  TABLESPACE "USERS" ;
--------------------------------------------------------
--  DDL for Table TEMP_EMPLOYEE
--------------------------------------------------------

  CREATE TABLE "FINAL"."TEMP_EMPLOYEE" 
   (	"AUTO_ID" VARCHAR2(30 BYTE), 
	"FIRST_NAME" VARCHAR2(20 BYTE), 
	"MIDDLE_NAME" VARCHAR2(20 BYTE), 
	"LAST_NAME" VARCHAR2(20 BYTE), 
	"EMP_NID" VARCHAR2(30 BYTE), 
	"BIRTH_CERT_NO" NUMBER, 
	"FATHER_NAME" VARCHAR2(30 BYTE), 
	"MOTHER_NAME" VARCHAR2(30 BYTE), 
	"DATE_OF_BIRTH" DATE, 
	"EMP_TYPE" VARCHAR2(30 BYTE), 
	"REPORTS_TO" VARCHAR2(30 BYTE), 
	"STREET" VARCHAR2(50 BYTE), 
	"ROAD_NO" NUMBER, 
	"UPAZILLA" VARCHAR2(30 BYTE), 
	"CITY" VARCHAR2(30 BYTE), 
	"DIVISION" VARCHAR2(30 BYTE), 
	"EMP_STATUS_NO" NUMBER DEFAULT 1
   ) SEGMENT CREATION IMMEDIATE 
  PCTFREE 10 PCTUSED 40 INITRANS 1 MAXTRANS 255 NOCOMPRESS LOGGING
  STORAGE(INITIAL 65536 NEXT 1048576 MINEXTENTS 1 MAXEXTENTS 2147483645
  PCTINCREASE 0 FREELISTS 1 FREELIST GROUPS 1 BUFFER_POOL DEFAULT FLASH_CACHE DEFAULT CELL_FLASH_CACHE DEFAULT)
  TABLESPACE "USERS" ;
--------------------------------------------------------
--  DDL for Table TEMP_HEALTHINFO
--------------------------------------------------------

  CREATE TABLE "FINAL"."TEMP_HEALTHINFO" 
   (	"AUTO_ID" VARCHAR2(30 BYTE), 
	"TEST_SERIAL" VARCHAR2(30 BYTE), 
	"TEST_DATE" DATE, 
	"BLOOD_GROUP" VARCHAR2(10 BYTE), 
	"HEIGHT" NUMBER, 
	"WEIGHT" NUMBER, 
	"EYESIGHT" VARCHAR2(20 BYTE), 
	"DRUG_TEST" VARCHAR2(30 BYTE), 
	"EMP_STATUS_NO" NUMBER
   ) SEGMENT CREATION IMMEDIATE 
  PCTFREE 10 PCTUSED 40 INITRANS 1 MAXTRANS 255 NOCOMPRESS LOGGING
  STORAGE(INITIAL 65536 NEXT 1048576 MINEXTENTS 1 MAXEXTENTS 2147483645
  PCTINCREASE 0 FREELISTS 1 FREELIST GROUPS 1 BUFFER_POOL DEFAULT FLASH_CACHE DEFAULT CELL_FLASH_CACHE DEFAULT)
  TABLESPACE "USERS" ;
--------------------------------------------------------
--  DDL for Table TEMP_QUALIFICATION
--------------------------------------------------------

  CREATE TABLE "FINAL"."TEMP_QUALIFICATION" 
   (	"AUTO_ID" VARCHAR2(30 BYTE), 
	"QUALI_TEST_SERIAL" VARCHAR2(20 BYTE), 
	"QUALI_TEST_DATE" DATE, 
	"REMARKS_OF_PASSEDTEST" VARCHAR2(50 BYTE), 
	"AMATEUR" VARCHAR2(10 BYTE), 
	"EMP_STATUS_NO" NUMBER, 
	"EDUCATIONAL_QUALIFICATION" VARCHAR2(30 BYTE), 
	"YRS_OF_EXPERIENCE" NUMBER, 
	"PREVIOUS_ORG" VARCHAR2(30 BYTE)
   ) SEGMENT CREATION IMMEDIATE 
  PCTFREE 10 PCTUSED 40 INITRANS 1 MAXTRANS 255 NOCOMPRESS LOGGING
  STORAGE(INITIAL 65536 NEXT 1048576 MINEXTENTS 1 MAXEXTENTS 2147483645
  PCTINCREASE 0 FREELISTS 1 FREELIST GROUPS 1 BUFFER_POOL DEFAULT FLASH_CACHE DEFAULT CELL_FLASH_CACHE DEFAULT)
  TABLESPACE "USERS" ;
--------------------------------------------------------
--  DDL for Table TOP_EMPLOYEE
--------------------------------------------------------

  CREATE TABLE "FINAL"."TOP_EMPLOYEE" 
   (	"EMP_NID" VARCHAR2(30 BYTE), 
	"AWARD" VARCHAR2(40 BYTE), 
	"RATING" NUMBER(30,0), 
	"PURPOSE" VARCHAR2(40 BYTE), 
	"AWARDING_YR" DATE
   ) SEGMENT CREATION IMMEDIATE 
  PCTFREE 10 PCTUSED 40 INITRANS 1 MAXTRANS 255 NOCOMPRESS LOGGING
  STORAGE(INITIAL 65536 NEXT 1048576 MINEXTENTS 1 MAXEXTENTS 2147483645
  PCTINCREASE 0 FREELISTS 1 FREELIST GROUPS 1 BUFFER_POOL DEFAULT FLASH_CACHE DEFAULT CELL_FLASH_CACHE DEFAULT)
  TABLESPACE "USERS" ;
--------------------------------------------------------
--  DDL for Table VEHICLE_DAMAGED
--------------------------------------------------------

  CREATE TABLE "FINAL"."VEHICLE_DAMAGED" 
   (	"DAMAGED_DATE" DATE, 
	"REG_NUMBER" NUMBER, 
	"PENALTY_TAKEN" NUMBER, 
	"EXACT_DAMAGE" VARCHAR2(40 BYTE), 
	"LOCATION_OF_DAMAGE" VARCHAR2(30 BYTE), 
	"ROUTE_NO" VARCHAR2(20 BYTE)
   ) SEGMENT CREATION IMMEDIATE 
  PCTFREE 10 PCTUSED 40 INITRANS 1 MAXTRANS 255 NOCOMPRESS LOGGING
  STORAGE(INITIAL 65536 NEXT 1048576 MINEXTENTS 1 MAXEXTENTS 2147483645
  PCTINCREASE 0 FREELISTS 1 FREELIST GROUPS 1 BUFFER_POOL DEFAULT FLASH_CACHE DEFAULT CELL_FLASH_CACHE DEFAULT)
  TABLESPACE "USERS" ;
--------------------------------------------------------
--  DDL for Table WORKING_DAYS
--------------------------------------------------------

  CREATE TABLE "FINAL"."WORKING_DAYS" 
   (	"EMP_ID" VARCHAR2(30 BYTE), 
	"CURRENT_DATE1" DATE, 
	"ATTEND_SER" NUMBER(30,0), 
	"SHIFT" VARCHAR2(30 BYTE), 
	"REASON_OF_ABSENCE" VARCHAR2(50 BYTE), 
	"IN_TIME" VARCHAR2(30 BYTE), 
	"OUT_TIME" VARCHAR2(30 BYTE)
   ) SEGMENT CREATION IMMEDIATE 
  PCTFREE 10 PCTUSED 40 INITRANS 1 MAXTRANS 255 NOCOMPRESS LOGGING
  STORAGE(INITIAL 65536 NEXT 1048576 MINEXTENTS 1 MAXEXTENTS 2147483645
  PCTINCREASE 0 FREELISTS 1 FREELIST GROUPS 1 BUFFER_POOL DEFAULT FLASH_CACHE DEFAULT CELL_FLASH_CACHE DEFAULT)
  TABLESPACE "USERS" ;
--------------------------------------------------------
--  DDL for Table WORKS_IN
--------------------------------------------------------

  CREATE TABLE "FINAL"."WORKS_IN" 
   (	"OFFICE_NO" NUMBER, 
	"EMP_ID" VARCHAR2(30 BYTE)
   ) SEGMENT CREATION IMMEDIATE 
  PCTFREE 10 PCTUSED 40 INITRANS 1 MAXTRANS 255 NOCOMPRESS LOGGING
  STORAGE(INITIAL 65536 NEXT 1048576 MINEXTENTS 1 MAXEXTENTS 2147483645
  PCTINCREASE 0 FREELISTS 1 FREELIST GROUPS 1 BUFFER_POOL DEFAULT FLASH_CACHE DEFAULT CELL_FLASH_CACHE DEFAULT)
  TABLESPACE "USERS" ;
--------------------------------------------------------
--  DDL for View OFFICE_WORKER_VIEW_ACCOUNTS
--------------------------------------------------------

  CREATE OR REPLACE FORCE VIEW "FINAL"."OFFICE_WORKER_VIEW_ACCOUNTS" ("emp_id", "name", "office_no", "branch_name", "basic", "food_allowance", "transport_allowance", "residence_allowance") AS 
  select emp_id, first_name||' '||middle_name||' '||last_name,
office_no,branch_name,Basic,food_allowance,
transport_allowance,residence_allowance
from employee join works_in using(emp_id) join companyinfo using(office_no)
join gets_paid using(emp_id) join salary using(transaction_id,transaction_date)
;
--------------------------------------------------------
--  DDL for View OFFICE_WORKER_VIEW_BASIC
--------------------------------------------------------

  CREATE OR REPLACE FORCE VIEW "FINAL"."OFFICE_WORKER_VIEW_BASIC" ("emp_id", "name", "date_of_birth", "emp_type") AS 
  select emp_id, first_name||' '||middle_name||' '||last_name,
date_of_birth, emp_type
from employee
;
REM INSERTING into FINAL.ASSIGNED
SET DEFINE OFF;
Insert into FINAL.ASSIGNED (REG_NUMBER,DRIVING_LICENSE,ASSIGNED_DATE,ROUTE_NO,HELPER_ID) values (1,'L-01',to_date('11-JAN-01','DD-MON-RR'),'R-01',null);
Insert into FINAL.ASSIGNED (REG_NUMBER,DRIVING_LICENSE,ASSIGNED_DATE,ROUTE_NO,HELPER_ID) values (2,'L-01',to_date('12-JAN-01','DD-MON-RR'),'R-02',null);
Insert into FINAL.ASSIGNED (REG_NUMBER,DRIVING_LICENSE,ASSIGNED_DATE,ROUTE_NO,HELPER_ID) values (3,'L-01',to_date('13-JAN-01','DD-MON-RR'),'R-03',null);
Insert into FINAL.ASSIGNED (REG_NUMBER,DRIVING_LICENSE,ASSIGNED_DATE,ROUTE_NO,HELPER_ID) values (null,null,null,null,null);
Insert into FINAL.ASSIGNED (REG_NUMBER,DRIVING_LICENSE,ASSIGNED_DATE,ROUTE_NO,HELPER_ID) values (null,null,null,null,null);
Insert into FINAL.ASSIGNED (REG_NUMBER,DRIVING_LICENSE,ASSIGNED_DATE,ROUTE_NO,HELPER_ID) values (null,null,null,null,null);
Insert into FINAL.ASSIGNED (REG_NUMBER,DRIVING_LICENSE,ASSIGNED_DATE,ROUTE_NO,HELPER_ID) values (null,null,null,null,null);
Insert into FINAL.ASSIGNED (REG_NUMBER,DRIVING_LICENSE,ASSIGNED_DATE,ROUTE_NO,HELPER_ID) values (null,null,null,null,null);
Insert into FINAL.ASSIGNED (REG_NUMBER,DRIVING_LICENSE,ASSIGNED_DATE,ROUTE_NO,HELPER_ID) values (null,null,null,null,null);
Insert into FINAL.ASSIGNED (REG_NUMBER,DRIVING_LICENSE,ASSIGNED_DATE,ROUTE_NO,HELPER_ID) values (null,null,null,null,null);
Insert into FINAL.ASSIGNED (REG_NUMBER,DRIVING_LICENSE,ASSIGNED_DATE,ROUTE_NO,HELPER_ID) values (2,'L-23',to_date('20-MAY-18','DD-MON-RR'),'R-03','1028');
Insert into FINAL.ASSIGNED (REG_NUMBER,DRIVING_LICENSE,ASSIGNED_DATE,ROUTE_NO,HELPER_ID) values (2,'L-23',to_date('13-MAY-18','DD-MON-RR'),'R-02','1028');
Insert into FINAL.ASSIGNED (REG_NUMBER,DRIVING_LICENSE,ASSIGNED_DATE,ROUTE_NO,HELPER_ID) values (null,null,null,null,null);
Insert into FINAL.ASSIGNED (REG_NUMBER,DRIVING_LICENSE,ASSIGNED_DATE,ROUTE_NO,HELPER_ID) values (null,null,null,null,null);
Insert into FINAL.ASSIGNED (REG_NUMBER,DRIVING_LICENSE,ASSIGNED_DATE,ROUTE_NO,HELPER_ID) values (null,null,null,null,null);
Insert into FINAL.ASSIGNED (REG_NUMBER,DRIVING_LICENSE,ASSIGNED_DATE,ROUTE_NO,HELPER_ID) values (null,null,null,null,null);
Insert into FINAL.ASSIGNED (REG_NUMBER,DRIVING_LICENSE,ASSIGNED_DATE,ROUTE_NO,HELPER_ID) values (2,'L-23',to_date('08-MAY-18','DD-MON-RR'),'R-03','1028');
Insert into FINAL.ASSIGNED (REG_NUMBER,DRIVING_LICENSE,ASSIGNED_DATE,ROUTE_NO,HELPER_ID) values (null,null,null,null,null);
Insert into FINAL.ASSIGNED (REG_NUMBER,DRIVING_LICENSE,ASSIGNED_DATE,ROUTE_NO,HELPER_ID) values (null,null,null,null,null);
Insert into FINAL.ASSIGNED (REG_NUMBER,DRIVING_LICENSE,ASSIGNED_DATE,ROUTE_NO,HELPER_ID) values (null,null,null,null,null);
Insert into FINAL.ASSIGNED (REG_NUMBER,DRIVING_LICENSE,ASSIGNED_DATE,ROUTE_NO,HELPER_ID) values (null,null,null,null,null);
Insert into FINAL.ASSIGNED (REG_NUMBER,DRIVING_LICENSE,ASSIGNED_DATE,ROUTE_NO,HELPER_ID) values (null,null,null,null,null);
Insert into FINAL.ASSIGNED (REG_NUMBER,DRIVING_LICENSE,ASSIGNED_DATE,ROUTE_NO,HELPER_ID) values (null,null,null,null,null);
Insert into FINAL.ASSIGNED (REG_NUMBER,DRIVING_LICENSE,ASSIGNED_DATE,ROUTE_NO,HELPER_ID) values (null,null,null,null,null);
Insert into FINAL.ASSIGNED (REG_NUMBER,DRIVING_LICENSE,ASSIGNED_DATE,ROUTE_NO,HELPER_ID) values (null,null,null,null,null);
Insert into FINAL.ASSIGNED (REG_NUMBER,DRIVING_LICENSE,ASSIGNED_DATE,ROUTE_NO,HELPER_ID) values (null,null,null,null,null);
Insert into FINAL.ASSIGNED (REG_NUMBER,DRIVING_LICENSE,ASSIGNED_DATE,ROUTE_NO,HELPER_ID) values (null,null,null,null,null);
Insert into FINAL.ASSIGNED (REG_NUMBER,DRIVING_LICENSE,ASSIGNED_DATE,ROUTE_NO,HELPER_ID) values (null,null,null,null,null);
REM INSERTING into FINAL.ASSIGNEDVEHICLE
SET DEFINE OFF;
Insert into FINAL.ASSIGNEDVEHICLE (REG_NUMBER,VEH_NAME,MODEL,VEH_TYPE) values (1,'X1','HINO','Bus');
Insert into FINAL.ASSIGNEDVEHICLE (REG_NUMBER,VEH_NAME,MODEL,VEH_TYPE) values (2,'X2','HINOu','Bus');
Insert into FINAL.ASSIGNEDVEHICLE (REG_NUMBER,VEH_NAME,MODEL,VEH_TYPE) values (3,'X3','HINOw','Bus');
REM INSERTING into FINAL.BECOMES
SET DEFINE OFF;
Insert into FINAL.BECOMES (EMP_ID,EMP_NID) values ('00000001','N00000001');
Insert into FINAL.BECOMES (EMP_ID,EMP_NID) values ('00000003','N00000003');
REM INSERTING into FINAL.BONUS
SET DEFINE OFF;
Insert into FINAL.BONUS (PAY_DATE,PAY_SERIAL_NO) values (to_date('11-JAN-01','DD-MON-RR'),1);
Insert into FINAL.BONUS (PAY_DATE,PAY_SERIAL_NO) values (to_date('11-JAN-01','DD-MON-RR'),2);
Insert into FINAL.BONUS (PAY_DATE,PAY_SERIAL_NO) values (to_date('11-JAN-01','DD-MON-RR'),3);
Insert into FINAL.BONUS (PAY_DATE,PAY_SERIAL_NO) values (to_date('14-JAN-01','DD-MON-RR'),1);
Insert into FINAL.BONUS (PAY_DATE,PAY_SERIAL_NO) values (to_date('14-JAN-01','DD-MON-RR'),2);
Insert into FINAL.BONUS (PAY_DATE,PAY_SERIAL_NO) values (to_date('18-JAN-01','DD-MON-RR'),2);
Insert into FINAL.BONUS (PAY_DATE,PAY_SERIAL_NO) values (to_date('10-MAY-01','DD-MON-RR'),1);
Insert into FINAL.BONUS (PAY_DATE,PAY_SERIAL_NO) values (to_date('18-MAY-01','DD-MON-RR'),1);
REM INSERTING into FINAL.COMPANYINFO
SET DEFINE OFF;
Insert into FINAL.COMPANYINFO (OFFICE_NO,BRANCH_NAME,OFFICE_ACC_NO,BRANCH_LOCATION) values (1,'Uttora',11111111,'Uttora');
Insert into FINAL.COMPANYINFO (OFFICE_NO,BRANCH_NAME,OFFICE_ACC_NO,BRANCH_LOCATION) values (2,'Gazipur',22222222,'Gazipur');
Insert into FINAL.COMPANYINFO (OFFICE_NO,BRANCH_NAME,OFFICE_ACC_NO,BRANCH_LOCATION) values (3,'Uttora',33333333,'Uttora');
REM INSERTING into FINAL.CONTACT_NUM
SET DEFINE OFF;
Insert into FINAL.CONTACT_NUM (DEP_NID,CONTACTNUMBER) values ('D00000001',289765);
Insert into FINAL.CONTACT_NUM (DEP_NID,CONTACTNUMBER) values ('D00000002',289766);
Insert into FINAL.CONTACT_NUM (DEP_NID,CONTACTNUMBER) values ('D00000003',289767);
Insert into FINAL.CONTACT_NUM (DEP_NID,CONTACTNUMBER) values ('D00000004',2189765);
Insert into FINAL.CONTACT_NUM (DEP_NID,CONTACTNUMBER) values ('D000000044',2819766);
Insert into FINAL.CONTACT_NUM (DEP_NID,CONTACTNUMBER) values ('D00000005',2897167);
REM INSERTING into FINAL.DEPENDENTS
SET DEFINE OFF;
Insert into FINAL.DEPENDENTS (DEP_NID,DEP_NAME,RELATION,GENDER) values ('D00000001','Jones Smith','Uncle','Male');
Insert into FINAL.DEPENDENTS (DEP_NID,DEP_NAME,RELATION,GENDER) values ('D00000002','Shanto','Uncle','Male');
Insert into FINAL.DEPENDENTS (DEP_NID,DEP_NAME,RELATION,GENDER) values ('D00000003','Rizon','Uncle','Male');
Insert into FINAL.DEPENDENTS (DEP_NID,DEP_NAME,RELATION,GENDER) values ('D00000004','Jones Smith','Aunty','Female');
Insert into FINAL.DEPENDENTS (DEP_NID,DEP_NAME,RELATION,GENDER) values ('D000000044','Shanto','Kaka','Male');
Insert into FINAL.DEPENDENTS (DEP_NID,DEP_NAME,RELATION,GENDER) values ('D00000005','Rizon','Uncle','Male');
REM INSERTING into FINAL.DEPENDS_ON
SET DEFINE OFF;
Insert into FINAL.DEPENDS_ON (EMP_ID,DEP_NID) values ('00000001','D00000001');
Insert into FINAL.DEPENDS_ON (EMP_ID,DEP_NID) values ('00000003','D00000003');
Insert into FINAL.DEPENDS_ON (EMP_ID,DEP_NID) values ('00000004','D00000004');
Insert into FINAL.DEPENDS_ON (EMP_ID,DEP_NID) values ('00000004','D000000044');
Insert into FINAL.DEPENDS_ON (EMP_ID,DEP_NID) values ('00000005','D00000005');
REM INSERTING into FINAL.DRIVER
SET DEFINE OFF;
Insert into FINAL.DRIVER (DRIVING_LICENSE,CATAGORY,GAINED_TRAINING,EMP_ID) values ('L-01','Light','Yes','00000001');
Insert into FINAL.DRIVER (DRIVING_LICENSE,CATAGORY,GAINED_TRAINING,EMP_ID) values ('L-03','Heavy','N0','00000003');
Insert into FINAL.DRIVER (DRIVING_LICENSE,CATAGORY,GAINED_TRAINING,EMP_ID) values ('L-23','Heavy','yes','1027');
REM INSERTING into FINAL.EDUCATION
SET DEFINE OFF;
Insert into FINAL.EDUCATION (QUALI_TEST_SERIAL,QUALI_TEST_DATE,EDU_DETAILS) values ('1',to_date('11-JAN-01','DD-MON-RR'),'HSC');
Insert into FINAL.EDUCATION (QUALI_TEST_SERIAL,QUALI_TEST_DATE,EDU_DETAILS) values ('2',to_date('11-JAN-01','DD-MON-RR'),'HSC');
Insert into FINAL.EDUCATION (QUALI_TEST_SERIAL,QUALI_TEST_DATE,EDU_DETAILS) values ('3',to_date('11-JAN-01','DD-MON-RR'),'HSC');
Insert into FINAL.EDUCATION (QUALI_TEST_SERIAL,QUALI_TEST_DATE,EDU_DETAILS) values ('1',to_date('12-JAN-01','DD-MON-RR'),'HSC');
Insert into FINAL.EDUCATION (QUALI_TEST_SERIAL,QUALI_TEST_DATE,EDU_DETAILS) values ('2',to_date('12-JAN-01','DD-MON-RR'),'HSC');
Insert into FINAL.EDUCATION (QUALI_TEST_SERIAL,QUALI_TEST_DATE,EDU_DETAILS) values ('3',to_date('12-JAN-01','DD-MON-RR'),'HSC');
Insert into FINAL.EDUCATION (QUALI_TEST_SERIAL,QUALI_TEST_DATE,EDU_DETAILS) values ('666',to_date('10-MAY-18','DD-MON-RR'),'ssc hsc');
Insert into FINAL.EDUCATION (QUALI_TEST_SERIAL,QUALI_TEST_DATE,EDU_DETAILS) values ('777',to_date('04-MAY-18','DD-MON-RR'),'ssc hsc');
Insert into FINAL.EDUCATION (QUALI_TEST_SERIAL,QUALI_TEST_DATE,EDU_DETAILS) values ('234',to_date('05-MAY-18','DD-MON-RR'),'ssc hsc');
Insert into FINAL.EDUCATION (QUALI_TEST_SERIAL,QUALI_TEST_DATE,EDU_DETAILS) values ('5555',to_date('07-MAY-18','DD-MON-RR'),'ssc hsc');
Insert into FINAL.EDUCATION (QUALI_TEST_SERIAL,QUALI_TEST_DATE,EDU_DETAILS) values ('246',to_date('04-MAY-18','DD-MON-RR'),'ssc hsc');
Insert into FINAL.EDUCATION (QUALI_TEST_SERIAL,QUALI_TEST_DATE,EDU_DETAILS) values ('099',to_date('06-MAY-18','DD-MON-RR'),'ssc hsc');
Insert into FINAL.EDUCATION (QUALI_TEST_SERIAL,QUALI_TEST_DATE,EDU_DETAILS) values ('9887',to_date('08-MAY-18','DD-MON-RR'),'ssc hsc');
Insert into FINAL.EDUCATION (QUALI_TEST_SERIAL,QUALI_TEST_DATE,EDU_DETAILS) values ('123',to_date('12-DEC-16','DD-MON-RR'),'jsc psc');
Insert into FINAL.EDUCATION (QUALI_TEST_SERIAL,QUALI_TEST_DATE,EDU_DETAILS) values ('036',to_date('10-MAY-18','DD-MON-RR'),'jsc psc');
Insert into FINAL.EDUCATION (QUALI_TEST_SERIAL,QUALI_TEST_DATE,EDU_DETAILS) values ('435',to_date('08-MAY-18','DD-MON-RR'),'ssc hsc');
Insert into FINAL.EDUCATION (QUALI_TEST_SERIAL,QUALI_TEST_DATE,EDU_DETAILS) values ('234',to_date('08-MAY-18','DD-MON-RR'),'ssc hsc');
Insert into FINAL.EDUCATION (QUALI_TEST_SERIAL,QUALI_TEST_DATE,EDU_DETAILS) values ('543',to_date('13-MAY-18','DD-MON-RR'),'jsc psc');
REM INSERTING into FINAL.EMAIL
SET DEFINE OFF;
Insert into FINAL.EMAIL (EMP_ID,EMAIL_ID) values ('00000001','x@gmail.com');
Insert into FINAL.EMAIL (EMP_ID,EMAIL_ID) values ('00000003','y@gmail.com');
Insert into FINAL.EMAIL (EMP_ID,EMAIL_ID) values ('00000003','y2@gmail.com');
Insert into FINAL.EMAIL (EMP_ID,EMAIL_ID) values ('00000004','x14@gmail.com');
Insert into FINAL.EMAIL (EMP_ID,EMAIL_ID) values ('00000005','z5@gmail.com');
Insert into FINAL.EMAIL (EMP_ID,EMAIL_ID) values ('00000006','z26@gmail.com');
Insert into FINAL.EMAIL (EMP_ID,EMAIL_ID) values ('00000007','y7@gmail.com');
Insert into FINAL.EMAIL (EMP_ID,EMAIL_ID) values ('00000008','y82@gmail.com');
Insert into FINAL.EMAIL (EMP_ID,EMAIL_ID) values ('00000004','x4@gmail.com');
Insert into FINAL.EMAIL (EMP_ID,EMAIL_ID) values ('00000004','z44@gmail.com');
REM INSERTING into FINAL.EMERGENCY_HELP
SET DEFINE OFF;
Insert into FINAL.EMERGENCY_HELP (HELP_AMOUNT,EMP_ID,CAUSE_OF_HELP) values (10000,'00000001','Marriage');
Insert into FINAL.EMERGENCY_HELP (HELP_AMOUNT,EMP_ID,CAUSE_OF_HELP) values (20000,'00000002','Accident');
Insert into FINAL.EMERGENCY_HELP (HELP_AMOUNT,EMP_ID,CAUSE_OF_HELP) values (30000,'00000003','Marriage');
REM INSERTING into FINAL.EMPLOYEE
SET DEFINE OFF;
Insert into FINAL.EMPLOYEE (EMP_ID,FIRST_NAME,MIDDLE_NAME,LAST_NAME,EMP_NID,BIRTH_CERT_NO,FATHER_NAME,MOTHER_NAME,DATE_OF_BIRTH,LEAVING_DATE,JOINING_DATE,EMP_TYPE,REPORTS_TO,ADDRESS) values ('00000001','Shordar','Abul','Kebla','N00000001',200000001,'Abul Karim','Amena Begum',to_date('22-JAN-88','DD-MON-RR'),to_date('20-JAN-15','DD-MON-RR'),to_date('10-APR-01','DD-MON-RR'),'Driver','Kopila',FINAL.EMP_ADDR_TYPE('Court bazar', 12, 'Ukhia', 'Coxsbazar', 'Chittagong'));
Insert into FINAL.EMPLOYEE (EMP_ID,FIRST_NAME,MIDDLE_NAME,LAST_NAME,EMP_NID,BIRTH_CERT_NO,FATHER_NAME,MOTHER_NAME,DATE_OF_BIRTH,LEAVING_DATE,JOINING_DATE,EMP_TYPE,REPORTS_TO,ADDRESS) values ('00000003','Shafin','Ul','Alam','N00000003',200000003,'MD Mahbubul Alam','Momotaz Begum',to_date('14-JAN-89','DD-MON-RR'),to_date('19-JAN-12','DD-MON-RR'),to_date('11-APR-03','DD-MON-RR'),'Driver','Rohim',FINAL.EMP_ADDR_TYPE('Holy street', 12, 'Joydebpur', 'Gazipur', 'Rajshahi'));
Insert into FINAL.EMPLOYEE (EMP_ID,FIRST_NAME,MIDDLE_NAME,LAST_NAME,EMP_NID,BIRTH_CERT_NO,FATHER_NAME,MOTHER_NAME,DATE_OF_BIRTH,LEAVING_DATE,JOINING_DATE,EMP_TYPE,REPORTS_TO,ADDRESS) values ('00000004','Rabius','Sunny','Rizon','N00000004',200000004,'MD Adal','Momena',to_date('12-DEC-91','DD-MON-RR'),to_date('15-JAN-11','DD-MON-RR'),to_date('11-APR-08','DD-MON-RR'),'Supervisor',' ',FINAL.EMP_ADDR_TYPE('Muradpur', 12, 'Joydebpur', 'Gazipur', 'Dhaka'));
Insert into FINAL.EMPLOYEE (EMP_ID,FIRST_NAME,MIDDLE_NAME,LAST_NAME,EMP_NID,BIRTH_CERT_NO,FATHER_NAME,MOTHER_NAME,DATE_OF_BIRTH,LEAVING_DATE,JOINING_DATE,EMP_TYPE,REPORTS_TO,ADDRESS) values ('00000005','Sadaf','Ul','Arman','N00000005',200000005,'Osman Sajid','Sakina Akhter',to_date('14-JAN-89','DD-MON-RR'),to_date('19-JAN-12','DD-MON-RR'),to_date('11-APR-03','DD-MON-RR'),'Supervisor',' ',FINAL.EMP_ADDR_TYPE('Kennisburg', 12, 'Joydebpur', 'Gazipur', 'Comilla'));
Insert into FINAL.EMPLOYEE (EMP_ID,FIRST_NAME,MIDDLE_NAME,LAST_NAME,EMP_NID,BIRTH_CERT_NO,FATHER_NAME,MOTHER_NAME,DATE_OF_BIRTH,LEAVING_DATE,JOINING_DATE,EMP_TYPE,REPORTS_TO,ADDRESS) values ('00000006','Sifat','Bin','Zaman','N00000006',200000006,'Adal Rahman','Noorie Amin',to_date('12-DEC-91','DD-MON-RR'),to_date('15-JAN-11','DD-MON-RR'),to_date('11-APR-08','DD-MON-RR'),'Administrator',' ',FINAL.EMP_ADDR_TYPE('City bank road', 12, 'Joydebpur', 'Gazipur', 'Barishal'));
Insert into FINAL.EMPLOYEE (EMP_ID,FIRST_NAME,MIDDLE_NAME,LAST_NAME,EMP_NID,BIRTH_CERT_NO,FATHER_NAME,MOTHER_NAME,DATE_OF_BIRTH,LEAVING_DATE,JOINING_DATE,EMP_TYPE,REPORTS_TO,ADDRESS) values ('00000007','Hasnat','Bin','Abul','N00000007',200000007,'Adal Ahmed','Noorie Amin',to_date('19-DEC-91','DD-MON-RR'),to_date('15-JAN-16','DD-MON-RR'),to_date('11-APR-09','DD-MON-RR'),'Office worker','Kopila',FINAL.EMP_ADDR_TYPE('City bank road', 12, 'Joydebpur', 'Gazipur', 'Barishal'));
Insert into FINAL.EMPLOYEE (EMP_ID,FIRST_NAME,MIDDLE_NAME,LAST_NAME,EMP_NID,BIRTH_CERT_NO,FATHER_NAME,MOTHER_NAME,DATE_OF_BIRTH,LEAVING_DATE,JOINING_DATE,EMP_TYPE,REPORTS_TO,ADDRESS) values ('00000008','Shordar','Rohim','Kebla','N00000008',200000008,'Abul Karim Azad','Rahima Begum',to_date('22-JAN-88','DD-MON-RR'),to_date('21-JAN-15','DD-MON-RR'),to_date('19-APR-01','DD-MON-RR'),'Helper','Azad',FINAL.EMP_ADDR_TYPE('Cosmopoliton', 19, 'Uttara', 'Coxsbazar', 'Chittagong'));
Insert into FINAL.EMPLOYEE (EMP_ID,FIRST_NAME,MIDDLE_NAME,LAST_NAME,EMP_NID,BIRTH_CERT_NO,FATHER_NAME,MOTHER_NAME,DATE_OF_BIRTH,LEAVING_DATE,JOINING_DATE,EMP_TYPE,REPORTS_TO,ADDRESS) values ('00000009','Samin','Sadman','Zaman','N00000009',200000009,'Shafi Karim','Raida Hasan',to_date('27-JAN-79','DD-MON-RR'),to_date('28-FEB-12','DD-MON-RR'),to_date('18-APR-01','DD-MON-RR'),'Branch head',' ',FINAL.EMP_ADDR_TYPE('Court bazar', 12, 'Ukhia', 'Coxsbazar', 'Chittagong'));
Insert into FINAL.EMPLOYEE (EMP_ID,FIRST_NAME,MIDDLE_NAME,LAST_NAME,EMP_NID,BIRTH_CERT_NO,FATHER_NAME,MOTHER_NAME,DATE_OF_BIRTH,LEAVING_DATE,JOINING_DATE,EMP_TYPE,REPORTS_TO,ADDRESS) values ('1022','farhan','sadeed','hamba','N8888',null,'Farhan father','Farhan mother',to_date('09-MAY-18','DD-MON-RR'),null,null,null,null,FINAL.EMP_ADDR_TYPE('street', 432, 'Buri', 'comilla', 'chittagong'));
Insert into FINAL.EMPLOYEE (EMP_ID,FIRST_NAME,MIDDLE_NAME,LAST_NAME,EMP_NID,BIRTH_CERT_NO,FATHER_NAME,MOTHER_NAME,DATE_OF_BIRTH,LEAVING_DATE,JOINING_DATE,EMP_TYPE,REPORTS_TO,ADDRESS) values ('1025','tarek','ul','vhai','N7777',null,'Tarek father','tarek mother',to_date('09-MAY-18','DD-MON-RR'),null,null,'Driver',null,FINAL.EMP_ADDR_TYPE('street', 7777, 'dontknow', 'city', 'Dhaka'));
Insert into FINAL.EMPLOYEE (EMP_ID,FIRST_NAME,MIDDLE_NAME,LAST_NAME,EMP_NID,BIRTH_CERT_NO,FATHER_NAME,MOTHER_NAME,DATE_OF_BIRTH,LEAVING_DATE,JOINING_DATE,EMP_TYPE,REPORTS_TO,ADDRESS) values ('1028','Ashiqur','Rahman','Raz','N34534',null,'ffffff','mmmmmm',to_date('13-MAY-18','DD-MON-RR'),null,null,'Conductor',null,FINAL.EMP_ADDR_TYPE('ssss', 4444, 'uuuu', 'cccc', 'dddd'));
Insert into FINAL.EMPLOYEE (EMP_ID,FIRST_NAME,MIDDLE_NAME,LAST_NAME,EMP_NID,BIRTH_CERT_NO,FATHER_NAME,MOTHER_NAME,DATE_OF_BIRTH,LEAVING_DATE,JOINING_DATE,EMP_TYPE,REPORTS_TO,ADDRESS) values ('1003','Noor','Mohammad','Asif','N123456',null,'Noor father','Noor Mother',to_date('05-MAY-18','DD-MON-RR'),null,null,null,null,FINAL.EMP_ADDR_TYPE('street', 1234, 'Chap', 'Chapai', 'Rajshahi'));
Insert into FINAL.EMPLOYEE (EMP_ID,FIRST_NAME,MIDDLE_NAME,LAST_NAME,EMP_NID,BIRTH_CERT_NO,FATHER_NAME,MOTHER_NAME,DATE_OF_BIRTH,LEAVING_DATE,JOINING_DATE,EMP_TYPE,REPORTS_TO,ADDRESS) values ('1020','imtiaz','Ahmed','gut','N8765',null,'Imtiaz father','Imtiaz mother',to_date('03-MAY-18','DD-MON-RR'),null,null,null,null,FINAL.EMP_ADDR_TYPE('street', 123, 'Shat', 'Ahatkhira', 'Khulna'));
Insert into FINAL.EMPLOYEE (EMP_ID,FIRST_NAME,MIDDLE_NAME,LAST_NAME,EMP_NID,BIRTH_CERT_NO,FATHER_NAME,MOTHER_NAME,DATE_OF_BIRTH,LEAVING_DATE,JOINING_DATE,EMP_TYPE,REPORTS_TO,ADDRESS) values ('1027','kanak','chakma','hoi','N23545',null,'aaaaaa','mmmmm',to_date('01-JAN-70','DD-MON-RR'),null,null,'Driver',null,FINAL.EMP_ADDR_TYPE('street', 1234, 'Upa', 'city', 'Khulna'));
Insert into FINAL.EMPLOYEE (EMP_ID,FIRST_NAME,MIDDLE_NAME,LAST_NAME,EMP_NID,BIRTH_CERT_NO,FATHER_NAME,MOTHER_NAME,DATE_OF_BIRTH,LEAVING_DATE,JOINING_DATE,EMP_TYPE,REPORTS_TO,ADDRESS) values ('1026','Hasibur','Rahman','Porag','N9876',null,'Hasibur Father','Hasibur mother',to_date('02-MAY-18','DD-MON-RR'),null,null,'Supervisor',null,FINAL.EMP_ADDR_TYPE('street', 5432, 'Gopali', 'Gopal', 'Gopalgonj'));
REM INSERTING into FINAL.EXPERIENCE
SET DEFINE OFF;
Insert into FINAL.EXPERIENCE (QUALI_TEST_SERIAL,QUALI_TEST_DATE,YRS_OF_EXPERIENCE,PREVIOUS_ORG) values ('1',to_date('11-JAN-01','DD-MON-RR'),8,'Hanif');
Insert into FINAL.EXPERIENCE (QUALI_TEST_SERIAL,QUALI_TEST_DATE,YRS_OF_EXPERIENCE,PREVIOUS_ORG) values ('2',to_date('11-JAN-01','DD-MON-RR'),8,'SR');
Insert into FINAL.EXPERIENCE (QUALI_TEST_SERIAL,QUALI_TEST_DATE,YRS_OF_EXPERIENCE,PREVIOUS_ORG) values ('3',to_date('11-JAN-01','DD-MON-RR'),8,'SA');
Insert into FINAL.EXPERIENCE (QUALI_TEST_SERIAL,QUALI_TEST_DATE,YRS_OF_EXPERIENCE,PREVIOUS_ORG) values ('1',to_date('12-JAN-01','DD-MON-RR'),8,'Hanif');
Insert into FINAL.EXPERIENCE (QUALI_TEST_SERIAL,QUALI_TEST_DATE,YRS_OF_EXPERIENCE,PREVIOUS_ORG) values ('2',to_date('12-JAN-01','DD-MON-RR'),8,'SR');
Insert into FINAL.EXPERIENCE (QUALI_TEST_SERIAL,QUALI_TEST_DATE,YRS_OF_EXPERIENCE,PREVIOUS_ORG) values ('3',to_date('12-JAN-01','DD-MON-RR'),8,'SA');
Insert into FINAL.EXPERIENCE (QUALI_TEST_SERIAL,QUALI_TEST_DATE,YRS_OF_EXPERIENCE,PREVIOUS_ORG) values ('666',to_date('10-MAY-18','DD-MON-RR'),3,'BUP');
Insert into FINAL.EXPERIENCE (QUALI_TEST_SERIAL,QUALI_TEST_DATE,YRS_OF_EXPERIENCE,PREVIOUS_ORG) values ('777',to_date('04-MAY-18','DD-MON-RR'),3,'BUP');
Insert into FINAL.EXPERIENCE (QUALI_TEST_SERIAL,QUALI_TEST_DATE,YRS_OF_EXPERIENCE,PREVIOUS_ORG) values ('5555',to_date('07-MAY-18','DD-MON-RR'),3,'BUP');
Insert into FINAL.EXPERIENCE (QUALI_TEST_SERIAL,QUALI_TEST_DATE,YRS_OF_EXPERIENCE,PREVIOUS_ORG) values ('036',to_date('10-MAY-18','DD-MON-RR'),6,'BUP');
Insert into FINAL.EXPERIENCE (QUALI_TEST_SERIAL,QUALI_TEST_DATE,YRS_OF_EXPERIENCE,PREVIOUS_ORG) values ('435',to_date('08-MAY-18','DD-MON-RR'),4,'BUP');
Insert into FINAL.EXPERIENCE (QUALI_TEST_SERIAL,QUALI_TEST_DATE,YRS_OF_EXPERIENCE,PREVIOUS_ORG) values ('234',to_date('08-MAY-18','DD-MON-RR'),4,'BUP');
Insert into FINAL.EXPERIENCE (QUALI_TEST_SERIAL,QUALI_TEST_DATE,YRS_OF_EXPERIENCE,PREVIOUS_ORG) values ('543',to_date('13-MAY-18','DD-MON-RR'),5,'BUP');
REM INSERTING into FINAL.EX_EMPLOYEE
SET DEFINE OFF;
Insert into FINAL.EX_EMPLOYEE (EMP_ID,FIRST_NAME,MIDDLE_NAME,LAST_NAME,EMP_NID,BIRTH_CERT_NO,FATHER_NAME,MOTHER_NAME,DATE_OF_BIRTH,LEAVING_DATE,JOINING_DATE,EMP_TYPE,REPORTS_TO,ADDRESS) values ('1008','Sifat','Bin','Zaman','N654',null,'Sifat Father','Sifat Mother',to_date('04-MAY-18','DD-MON-RR'),null,null,null,null,FINAL.EMP_ADDR_TYPE('street', 123, 'DOHS', 'MIRPUR', 'dhaka'));
Insert into FINAL.EX_EMPLOYEE (EMP_ID,FIRST_NAME,MIDDLE_NAME,LAST_NAME,EMP_NID,BIRTH_CERT_NO,FATHER_NAME,MOTHER_NAME,DATE_OF_BIRTH,LEAVING_DATE,JOINING_DATE,EMP_TYPE,REPORTS_TO,ADDRESS) values ('1001','Fourkanul','Islam','Mobin','1234',null,'Abdul Mannaf','Jesmin Akter',to_date('11-MAY-18','DD-MON-RR'),null,null,null,null,FINAL.EMP_ADDR_TYPE('street', 1234, 'Burichang', 'comilla', 'chittagang'));
REM INSERTING into FINAL.FEEDBACK
SET DEFINE OFF;
Insert into FINAL.FEEDBACK (EMP_NID,EMP_BEHAVIOUR,COMPLAINTS,EMP_ATTENDANCE_REGULARITY) values ('N00000001','Avg','NONE','Regular');
Insert into FINAL.FEEDBACK (EMP_NID,EMP_BEHAVIOUR,COMPLAINTS,EMP_ATTENDANCE_REGULARITY) values ('N00000002','Good','NONE','Regular');
Insert into FINAL.FEEDBACK (EMP_NID,EMP_BEHAVIOUR,COMPLAINTS,EMP_ATTENDANCE_REGULARITY) values ('N00000003','Avg','NONE','Regular');
REM INSERTING into FINAL.GETS_FEEDBACK
SET DEFINE OFF;
Insert into FINAL.GETS_FEEDBACK (EMP_NID,EMP_ID) values ('N00000001','00000001');
Insert into FINAL.GETS_FEEDBACK (EMP_NID,EMP_ID) values ('N00000003','00000003');
REM INSERTING into FINAL.GETS_PAID
SET DEFINE OFF;
Insert into FINAL.GETS_PAID (TRANSACTION_ID,TRANSACTION_DATE,EMP_ID) values ('T-001',to_date('11-JAN-01','DD-MON-RR'),'00000001');
Insert into FINAL.GETS_PAID (TRANSACTION_ID,TRANSACTION_DATE,EMP_ID) values ('T-003',to_date('13-JAN-01','DD-MON-RR'),'00000003');
Insert into FINAL.GETS_PAID (TRANSACTION_ID,TRANSACTION_DATE,EMP_ID) values ('T-001',to_date('10-JAN-01','DD-MON-RR'),'00000004');
Insert into FINAL.GETS_PAID (TRANSACTION_ID,TRANSACTION_DATE,EMP_ID) values ('T-002',to_date('10-JAN-01','DD-MON-RR'),'00000005');
Insert into FINAL.GETS_PAID (TRANSACTION_ID,TRANSACTION_DATE,EMP_ID) values ('T-003',to_date('10-JAN-01','DD-MON-RR'),'00000006');
REM INSERTING into FINAL.GOES_IN
SET DEFINE OFF;
Insert into FINAL.GOES_IN (REG_NUMBER,ROUTE_NO,DRIVING_LICENSE) values (1,'R-01','L-01');
Insert into FINAL.GOES_IN (REG_NUMBER,ROUTE_NO,DRIVING_LICENSE) values (2,'R-02','L-01');
Insert into FINAL.GOES_IN (REG_NUMBER,ROUTE_NO,DRIVING_LICENSE) values (3,'R-03','L-01');
REM INSERTING into FINAL.GOT_DAMAGED
SET DEFINE OFF;
Insert into FINAL.GOT_DAMAGED (REG_NUMBER,ROUTE_NO) values (1,'R-01');
Insert into FINAL.GOT_DAMAGED (REG_NUMBER,ROUTE_NO) values (2,'R-02');
Insert into FINAL.GOT_DAMAGED (REG_NUMBER,ROUTE_NO) values (3,'R-03');
REM INSERTING into FINAL.HAS_INSURANCE
SET DEFINE OFF;
Insert into FINAL.HAS_INSURANCE (INSURANCE_ID,EMP_ID) values ('I01','00000001');
Insert into FINAL.HAS_INSURANCE (INSURANCE_ID,EMP_ID) values ('I03','00000003');
Insert into FINAL.HAS_INSURANCE (INSURANCE_ID,EMP_ID) values (null,null);
Insert into FINAL.HAS_INSURANCE (INSURANCE_ID,EMP_ID) values ('1002','1025');
REM INSERTING into FINAL.HEALTHINFO
SET DEFINE OFF;
Insert into FINAL.HEALTHINFO (TEST_SERIAL,TEST_DATE,BLOOD_GROUP,HEIGHT,WEIGHT,EYESIGHT,DRUG_TEST) values ('1',to_date('11-JAN-01','DD-MON-RR'),'O+',165,75,'6/6','Not_addicted');
Insert into FINAL.HEALTHINFO (TEST_SERIAL,TEST_DATE,BLOOD_GROUP,HEIGHT,WEIGHT,EYESIGHT,DRUG_TEST) values ('2',to_date('11-JAN-01','DD-MON-RR'),'O+',165,75,'6/6','Not_addicted');
Insert into FINAL.HEALTHINFO (TEST_SERIAL,TEST_DATE,BLOOD_GROUP,HEIGHT,WEIGHT,EYESIGHT,DRUG_TEST) values ('3',to_date('11-JAN-01','DD-MON-RR'),'O+',165,75,'6/6','Not_addicted');
Insert into FINAL.HEALTHINFO (TEST_SERIAL,TEST_DATE,BLOOD_GROUP,HEIGHT,WEIGHT,EYESIGHT,DRUG_TEST) values ('1',to_date('12-JAN-01','DD-MON-RR'),'O+',165,75,'6/6','Not_addicted');
Insert into FINAL.HEALTHINFO (TEST_SERIAL,TEST_DATE,BLOOD_GROUP,HEIGHT,WEIGHT,EYESIGHT,DRUG_TEST) values ('2',to_date('12-JAN-01','DD-MON-RR'),'O+',165,75,'6/6','Not_addicted');
Insert into FINAL.HEALTHINFO (TEST_SERIAL,TEST_DATE,BLOOD_GROUP,HEIGHT,WEIGHT,EYESIGHT,DRUG_TEST) values ('3',to_date('12-JAN-01','DD-MON-RR'),'O+',165,75,'6/6','Not_addicted');
Insert into FINAL.HEALTHINFO (TEST_SERIAL,TEST_DATE,BLOOD_GROUP,HEIGHT,WEIGHT,EYESIGHT,DRUG_TEST) values ('34',to_date('21-MAY-18','DD-MON-RR'),'A+',123,34,'6/6','Not_addicted');
Insert into FINAL.HEALTHINFO (TEST_SERIAL,TEST_DATE,BLOOD_GROUP,HEIGHT,WEIGHT,EYESIGHT,DRUG_TEST) values ('7777',to_date('15-MAY-18','DD-MON-RR'),'A+',122,69,'6/6','Not_addicted');
Insert into FINAL.HEALTHINFO (TEST_SERIAL,TEST_DATE,BLOOD_GROUP,HEIGHT,WEIGHT,EYESIGHT,DRUG_TEST) values ('99999',to_date('19-MAY-18','DD-MON-RR'),'A+',456,56,'6/6','Not_addicted');
Insert into FINAL.HEALTHINFO (TEST_SERIAL,TEST_DATE,BLOOD_GROUP,HEIGHT,WEIGHT,EYESIGHT,DRUG_TEST) values ('6666',to_date('21-MAY-18','DD-MON-RR'),'AB+',124,56,'5/5','Not_addicted');
Insert into FINAL.HEALTHINFO (TEST_SERIAL,TEST_DATE,BLOOD_GROUP,HEIGHT,WEIGHT,EYESIGHT,DRUG_TEST) values ('135',to_date('19-MAY-18','DD-MON-RR'),'AB+',122,58,'6/6','Not_addicted');
Insert into FINAL.HEALTHINFO (TEST_SERIAL,TEST_DATE,BLOOD_GROUP,HEIGHT,WEIGHT,EYESIGHT,DRUG_TEST) values ('098',to_date('30-MAY-18','DD-MON-RR'),'O-',122,96,'6/6','Not_addicted');
Insert into FINAL.HEALTHINFO (TEST_SERIAL,TEST_DATE,BLOOD_GROUP,HEIGHT,WEIGHT,EYESIGHT,DRUG_TEST) values ('987',to_date('13-MAY-18','DD-MON-RR'),'O+',123,69,'2/2','Not_addicted');
Insert into FINAL.HEALTHINFO (TEST_SERIAL,TEST_DATE,BLOOD_GROUP,HEIGHT,WEIGHT,EYESIGHT,DRUG_TEST) values ('7777',to_date('01-JAN-70','DD-MON-RR'),'B-',22,69,'3/3','Not_addicted');
Insert into FINAL.HEALTHINFO (TEST_SERIAL,TEST_DATE,BLOOD_GROUP,HEIGHT,WEIGHT,EYESIGHT,DRUG_TEST) values ('1357',to_date('04-MAY-18','DD-MON-RR'),'AB-',123,76,'5/5','Not_addicted');
Insert into FINAL.HEALTHINFO (TEST_SERIAL,TEST_DATE,BLOOD_GROUP,HEIGHT,WEIGHT,EYESIGHT,DRUG_TEST) values ('4444',to_date('18-MAY-18','DD-MON-RR'),'B+',123,56,'5/5','Not_addicted');
Insert into FINAL.HEALTHINFO (TEST_SERIAL,TEST_DATE,BLOOD_GROUP,HEIGHT,WEIGHT,EYESIGHT,DRUG_TEST) values ('435',to_date('10-MAY-18','DD-MON-RR'),'B+',123,56,'6/6','Not_addicted');
Insert into FINAL.HEALTHINFO (TEST_SERIAL,TEST_DATE,BLOOD_GROUP,HEIGHT,WEIGHT,EYESIGHT,DRUG_TEST) values ('876',to_date('06-MAY-18','DD-MON-RR'),'B-',123,67,'6/6','Not_addicted');
REM INSERTING into FINAL.HEALTH_CONDITION
SET DEFINE OFF;
Insert into FINAL.HEALTH_CONDITION (EMP_ID,TEST_SERIAL,TEST_DATE) values ('00000001','1',to_date('11-JAN-01','DD-MON-RR'));
Insert into FINAL.HEALTH_CONDITION (EMP_ID,TEST_SERIAL,TEST_DATE) values ('00000003','3',to_date('11-JAN-01','DD-MON-RR'));
Insert into FINAL.HEALTH_CONDITION (EMP_ID,TEST_SERIAL,TEST_DATE) values ('00000004','1',to_date('12-JAN-01','DD-MON-RR'));
Insert into FINAL.HEALTH_CONDITION (EMP_ID,TEST_SERIAL,TEST_DATE) values ('00000005','2',to_date('12-JAN-01','DD-MON-RR'));
Insert into FINAL.HEALTH_CONDITION (EMP_ID,TEST_SERIAL,TEST_DATE) values ('00000006','3',to_date('12-JAN-01','DD-MON-RR'));
Insert into FINAL.HEALTH_CONDITION (EMP_ID,TEST_SERIAL,TEST_DATE) values ('1022','34',to_date('21-MAY-18','DD-MON-RR'));
Insert into FINAL.HEALTH_CONDITION (EMP_ID,TEST_SERIAL,TEST_DATE) values ('1025','7777',to_date('15-MAY-18','DD-MON-RR'));
Insert into FINAL.HEALTH_CONDITION (EMP_ID,TEST_SERIAL,TEST_DATE) values ('1028','6666',to_date('21-MAY-18','DD-MON-RR'));
Insert into FINAL.HEALTH_CONDITION (EMP_ID,TEST_SERIAL,TEST_DATE) values ('1003','135',to_date('19-MAY-18','DD-MON-RR'));
Insert into FINAL.HEALTH_CONDITION (EMP_ID,TEST_SERIAL,TEST_DATE) values ('1020','4444',to_date('18-MAY-18','DD-MON-RR'));
Insert into FINAL.HEALTH_CONDITION (EMP_ID,TEST_SERIAL,TEST_DATE) values ('1027','876',to_date('06-MAY-18','DD-MON-RR'));
Insert into FINAL.HEALTH_CONDITION (EMP_ID,TEST_SERIAL,TEST_DATE) values ('1026','435',to_date('10-MAY-18','DD-MON-RR'));
REM INSERTING into FINAL.INCLUDES
SET DEFINE OFF;
Insert into FINAL.INCLUDES (TRANSACTION_ID,TRANSACTION_DATE,PAY_SERIAL_NO,PAY_DATE) values ('T-001',to_date('11-JAN-01','DD-MON-RR'),1,to_date('11-JAN-01','DD-MON-RR'));
Insert into FINAL.INCLUDES (TRANSACTION_ID,TRANSACTION_DATE,PAY_SERIAL_NO,PAY_DATE) values ('T-002',to_date('12-JAN-01','DD-MON-RR'),1,to_date('11-JAN-01','DD-MON-RR'));
Insert into FINAL.INCLUDES (TRANSACTION_ID,TRANSACTION_DATE,PAY_SERIAL_NO,PAY_DATE) values ('T-003',to_date('13-JAN-01','DD-MON-RR'),1,to_date('11-JAN-01','DD-MON-RR'));
Insert into FINAL.INCLUDES (TRANSACTION_ID,TRANSACTION_DATE,PAY_SERIAL_NO,PAY_DATE) values ('T-001',to_date('10-JAN-01','DD-MON-RR'),1,to_date('14-JAN-01','DD-MON-RR'));
Insert into FINAL.INCLUDES (TRANSACTION_ID,TRANSACTION_DATE,PAY_SERIAL_NO,PAY_DATE) values ('T-002',to_date('10-JAN-01','DD-MON-RR'),1,to_date('18-MAY-01','DD-MON-RR'));
Insert into FINAL.INCLUDES (TRANSACTION_ID,TRANSACTION_DATE,PAY_SERIAL_NO,PAY_DATE) values ('T-003',to_date('10-JAN-01','DD-MON-RR'),2,to_date('14-JAN-01','DD-MON-RR'));
REM INSERTING into FINAL.INSURANCE
SET DEFINE OFF;
Insert into FINAL.INSURANCE (INSURANCE_ID,COMPANY_NAME,INSURANCE_TYPE,INSURANCE_AMOUNT) values ('I01','xxx','Regular',100000);
Insert into FINAL.INSURANCE (INSURANCE_ID,COMPANY_NAME,INSURANCE_TYPE,INSURANCE_AMOUNT) values ('I02','xxx','Regular',100000);
Insert into FINAL.INSURANCE (INSURANCE_ID,COMPANY_NAME,INSURANCE_TYPE,INSURANCE_AMOUNT) values ('I03','xxx','Regular',100000);
Insert into FINAL.INSURANCE (INSURANCE_ID,COMPANY_NAME,INSURANCE_TYPE,INSURANCE_AMOUNT) values ('1002','Duch bangla','life insurance',50000);
REM INSERTING into FINAL.LEAVE
SET DEFINE OFF;
Insert into FINAL.LEAVE (APPLICATION_NO,APPLICATION_DATE,START_DATE,END_DATE,GRANTING_PERSON,REASON) values (1,to_date('11-JAN-15','DD-MON-RR'),to_date('20-JAN-15','DD-MON-RR'),to_date('23-JAN-15','DD-MON-RR'),'Shafin','Sick');
Insert into FINAL.LEAVE (APPLICATION_NO,APPLICATION_DATE,START_DATE,END_DATE,GRANTING_PERSON,REASON) values (2,to_date('11-JAN-15','DD-MON-RR'),to_date('20-JAN-15','DD-MON-RR'),to_date('28-JAN-15','DD-MON-RR'),'Shafin','Sick');
Insert into FINAL.LEAVE (APPLICATION_NO,APPLICATION_DATE,START_DATE,END_DATE,GRANTING_PERSON,REASON) values (3,to_date('11-JAN-15','DD-MON-RR'),to_date('20-JAN-15','DD-MON-RR'),to_date('26-JAN-15','DD-MON-RR'),'Shafin','Sick');
Insert into FINAL.LEAVE (APPLICATION_NO,APPLICATION_DATE,START_DATE,END_DATE,GRANTING_PERSON,REASON) values (1,to_date('18-JAN-01','DD-MON-RR'),to_date('23-JAN-15','DD-MON-RR'),to_date('01-FEB-01','DD-MON-RR'),'Shafin','Sick');
Insert into FINAL.LEAVE (APPLICATION_NO,APPLICATION_DATE,START_DATE,END_DATE,GRANTING_PERSON,REASON) values (2,to_date('13-JAN-01','DD-MON-RR'),to_date('29-JAN-15','DD-MON-RR'),to_date('10-FEB-01','DD-MON-RR'),'Shafin','Marriage');
Insert into FINAL.LEAVE (APPLICATION_NO,APPLICATION_DATE,START_DATE,END_DATE,GRANTING_PERSON,REASON) values (1,to_date('10-JAN-01','DD-MON-RR'),to_date('20-JAN-15','DD-MON-RR'),to_date('11-MAR-01','DD-MON-RR'),'Shafin','Sick');
Insert into FINAL.LEAVE (APPLICATION_NO,APPLICATION_DATE,START_DATE,END_DATE,GRANTING_PERSON,REASON) values (1,to_date('12-JAN-01','DD-MON-RR'),to_date('25-JAN-15','DD-MON-RR'),to_date('10-FEB-01','DD-MON-RR'),'Shafin','Accident');
Insert into FINAL.LEAVE (APPLICATION_NO,APPLICATION_DATE,START_DATE,END_DATE,GRANTING_PERSON,REASON) values (2,to_date('15-JAN-01','DD-MON-RR'),to_date('30-JAN-15','DD-MON-RR'),to_date('11-APR-01','DD-MON-RR'),'Shafin','Sick');
Insert into FINAL.LEAVE (APPLICATION_NO,APPLICATION_DATE,START_DATE,END_DATE,GRANTING_PERSON,REASON) values (2,to_date('10-JAN-01','DD-MON-RR'),to_date('20-JAN-15','DD-MON-RR'),to_date('10-APR-01','DD-MON-RR'),'Shafin','Sick');
REM INSERTING into FINAL.LEAVE_TAKEN
SET DEFINE OFF;
Insert into FINAL.LEAVE_TAKEN (EMP_ID,APPLICATION_NO,APPLICATION_DATE) values ('00000001',1,to_date('11-JAN-15','DD-MON-RR'));
Insert into FINAL.LEAVE_TAKEN (EMP_ID,APPLICATION_NO,APPLICATION_DATE) values ('00000003',3,to_date('11-JAN-15','DD-MON-RR'));
Insert into FINAL.LEAVE_TAKEN (EMP_ID,APPLICATION_NO,APPLICATION_DATE) values ('00000004',1,to_date('18-JAN-01','DD-MON-RR'));
Insert into FINAL.LEAVE_TAKEN (EMP_ID,APPLICATION_NO,APPLICATION_DATE) values ('00000005',2,to_date('13-JAN-01','DD-MON-RR'));
Insert into FINAL.LEAVE_TAKEN (EMP_ID,APPLICATION_NO,APPLICATION_DATE) values ('00000008',1,to_date('12-JAN-01','DD-MON-RR'));
Insert into FINAL.LEAVE_TAKEN (EMP_ID,APPLICATION_NO,APPLICATION_DATE) values (null,1001,null);
REM INSERTING into FINAL.OFFICE_CONTACT_INFO
SET DEFINE OFF;
Insert into FINAL.OFFICE_CONTACT_INFO (OFFICE_NO,OFFICE_CONTACT_NO) values (1,1628980623);
Insert into FINAL.OFFICE_CONTACT_INFO (OFFICE_NO,OFFICE_CONTACT_NO) values (2,1628980624);
Insert into FINAL.OFFICE_CONTACT_INFO (OFFICE_NO,OFFICE_CONTACT_NO) values (3,1628980625);
REM INSERTING into FINAL.OVERTIME
SET DEFINE OFF;
Insert into FINAL.OVERTIME (SHIFT,OVERTIME_DATE,EMP_ID) values ('MORNING SHIFT',to_date('11-JAN-01','DD-MON-RR'),null);
Insert into FINAL.OVERTIME (SHIFT,OVERTIME_DATE,EMP_ID) values ('MORNING SHIFT',to_date('11-JAN-01','DD-MON-RR'),null);
Insert into FINAL.OVERTIME (SHIFT,OVERTIME_DATE,EMP_ID) values ('MORNING SHIFT',to_date('11-JAN-01','DD-MON-RR'),null);
Insert into FINAL.OVERTIME (SHIFT,OVERTIME_DATE,EMP_ID) values ('Night SHIFT',to_date('12-JAN-01','DD-MON-RR'),null);
Insert into FINAL.OVERTIME (SHIFT,OVERTIME_DATE,EMP_ID) values ('MORNING SHIFT',to_date('15-JAN-01','DD-MON-RR'),null);
Insert into FINAL.OVERTIME (SHIFT,OVERTIME_DATE,EMP_ID) values (null,null,null);
Insert into FINAL.OVERTIME (SHIFT,OVERTIME_DATE,EMP_ID) values ('DAY SHIFT',to_date('09-MAY-18','DD-MON-RR'),'1028');
Insert into FINAL.OVERTIME (SHIFT,OVERTIME_DATE,EMP_ID) values (null,null,null);
Insert into FINAL.OVERTIME (SHIFT,OVERTIME_DATE,EMP_ID) values (null,null,null);
Insert into FINAL.OVERTIME (SHIFT,OVERTIME_DATE,EMP_ID) values (null,null,null);
Insert into FINAL.OVERTIME (SHIFT,OVERTIME_DATE,EMP_ID) values ('MORNING SHIFT',to_date('17-MAY-18','DD-MON-RR'),'1025');
REM INSERTING into FINAL.PENALTY
SET DEFINE OFF;
Insert into FINAL.PENALTY (SLIP_NO,AMOUNT_CHARGED,REASON_OF_PENALTY,PENALTY_DATE) values ('1',5000,'Accident',to_date('11-JAN-01','DD-MON-RR'));
Insert into FINAL.PENALTY (SLIP_NO,AMOUNT_CHARGED,REASON_OF_PENALTY,PENALTY_DATE) values ('2',6000,'Accident',to_date('11-JAN-01','DD-MON-RR'));
Insert into FINAL.PENALTY (SLIP_NO,AMOUNT_CHARGED,REASON_OF_PENALTY,PENALTY_DATE) values ('3',7000,'Accident',to_date('11-JAN-01','DD-MON-RR'));
REM INSERTING into FINAL.PENALTY_CHARGED
SET DEFINE OFF;
Insert into FINAL.PENALTY_CHARGED (SLIP_NO,PENALTY_DATE,EMP_ID) values ('1',to_date('11-JAN-01','DD-MON-RR'),'00000001');
Insert into FINAL.PENALTY_CHARGED (SLIP_NO,PENALTY_DATE,EMP_ID) values ('3',to_date('11-JAN-01','DD-MON-RR'),'00000003');
Insert into FINAL.PENALTY_CHARGED (SLIP_NO,PENALTY_DATE,EMP_ID) values ('1001',null,null);
REM INSERTING into FINAL.PHONE_NO
SET DEFINE OFF;
Insert into FINAL.PHONE_NO (EMP_ID,PHONE_NUM) values ('00000001',21133);
Insert into FINAL.PHONE_NO (EMP_ID,PHONE_NUM) values ('00000003',60213);
Insert into FINAL.PHONE_NO (EMP_ID,PHONE_NUM) values ('00000001',28973);
Insert into FINAL.PHONE_NO (EMP_ID,PHONE_NUM) values ('00000001',28941);
Insert into FINAL.PHONE_NO (EMP_ID,PHONE_NUM) values ('00000004',25541);
Insert into FINAL.PHONE_NO (EMP_ID,PHONE_NUM) values ('00000004',21033);
Insert into FINAL.PHONE_NO (EMP_ID,PHONE_NUM) values ('00000005',58971);
Insert into FINAL.PHONE_NO (EMP_ID,PHONE_NUM) values ('00000006',50213);
Insert into FINAL.PHONE_NO (EMP_ID,PHONE_NUM) values ('00000007',98973);
Insert into FINAL.PHONE_NO (EMP_ID,PHONE_NUM) values ('00000008',29941);
Insert into FINAL.PHONE_NO (EMP_ID,PHONE_NUM) values ('00000009',25591);
Insert into FINAL.PHONE_NO (EMP_ID,PHONE_NUM) values ('00000004',30971);
REM INSERTING into FINAL.PROVIDES
SET DEFINE OFF;
Insert into FINAL.PROVIDES (OFFICE_NO,EMP_ID) values (1,'00000001');
Insert into FINAL.PROVIDES (OFFICE_NO,EMP_ID) values (3,'00000003');
REM INSERTING into FINAL.QUALIFICATION
SET DEFINE OFF;
Insert into FINAL.QUALIFICATION (QUALI_TEST_SERIAL,QUALI_TEST_DATE,REMARKS_OF_PASSEDTEST,AMATEUR) values ('1',to_date('11-JAN-01','DD-MON-RR'),'Good','NO');
Insert into FINAL.QUALIFICATION (QUALI_TEST_SERIAL,QUALI_TEST_DATE,REMARKS_OF_PASSEDTEST,AMATEUR) values ('2',to_date('11-JAN-01','DD-MON-RR'),'Good','NO');
Insert into FINAL.QUALIFICATION (QUALI_TEST_SERIAL,QUALI_TEST_DATE,REMARKS_OF_PASSEDTEST,AMATEUR) values ('3',to_date('11-JAN-01','DD-MON-RR'),'Good','NO');
Insert into FINAL.QUALIFICATION (QUALI_TEST_SERIAL,QUALI_TEST_DATE,REMARKS_OF_PASSEDTEST,AMATEUR) values ('1',to_date('12-JAN-01','DD-MON-RR'),'Good','NO');
Insert into FINAL.QUALIFICATION (QUALI_TEST_SERIAL,QUALI_TEST_DATE,REMARKS_OF_PASSEDTEST,AMATEUR) values ('2',to_date('12-JAN-01','DD-MON-RR'),'Good','NO');
Insert into FINAL.QUALIFICATION (QUALI_TEST_SERIAL,QUALI_TEST_DATE,REMARKS_OF_PASSEDTEST,AMATEUR) values ('3',to_date('12-JAN-01','DD-MON-RR'),'Good','NO');
Insert into FINAL.QUALIFICATION (QUALI_TEST_SERIAL,QUALI_TEST_DATE,REMARKS_OF_PASSEDTEST,AMATEUR) values ('666',to_date('10-MAY-18','DD-MON-RR'),'passed',null);
Insert into FINAL.QUALIFICATION (QUALI_TEST_SERIAL,QUALI_TEST_DATE,REMARKS_OF_PASSEDTEST,AMATEUR) values ('777',to_date('04-MAY-18','DD-MON-RR'),'passed',null);
Insert into FINAL.QUALIFICATION (QUALI_TEST_SERIAL,QUALI_TEST_DATE,REMARKS_OF_PASSEDTEST,AMATEUR) values ('234',to_date('05-MAY-18','DD-MON-RR'),'passed',null);
Insert into FINAL.QUALIFICATION (QUALI_TEST_SERIAL,QUALI_TEST_DATE,REMARKS_OF_PASSEDTEST,AMATEUR) values ('5555',to_date('07-MAY-18','DD-MON-RR'),'passed',null);
Insert into FINAL.QUALIFICATION (QUALI_TEST_SERIAL,QUALI_TEST_DATE,REMARKS_OF_PASSEDTEST,AMATEUR) values ('246',to_date('04-MAY-18','DD-MON-RR'),'passed',null);
Insert into FINAL.QUALIFICATION (QUALI_TEST_SERIAL,QUALI_TEST_DATE,REMARKS_OF_PASSEDTEST,AMATEUR) values ('099',to_date('06-MAY-18','DD-MON-RR'),'passed',null);
Insert into FINAL.QUALIFICATION (QUALI_TEST_SERIAL,QUALI_TEST_DATE,REMARKS_OF_PASSEDTEST,AMATEUR) values ('9887',to_date('08-MAY-18','DD-MON-RR'),'passed',null);
Insert into FINAL.QUALIFICATION (QUALI_TEST_SERIAL,QUALI_TEST_DATE,REMARKS_OF_PASSEDTEST,AMATEUR) values ('123',to_date('12-DEC-16','DD-MON-RR'),'passed',null);
Insert into FINAL.QUALIFICATION (QUALI_TEST_SERIAL,QUALI_TEST_DATE,REMARKS_OF_PASSEDTEST,AMATEUR) values ('036',to_date('10-MAY-18','DD-MON-RR'),'passed',null);
Insert into FINAL.QUALIFICATION (QUALI_TEST_SERIAL,QUALI_TEST_DATE,REMARKS_OF_PASSEDTEST,AMATEUR) values ('435',to_date('08-MAY-18','DD-MON-RR'),'passed',null);
Insert into FINAL.QUALIFICATION (QUALI_TEST_SERIAL,QUALI_TEST_DATE,REMARKS_OF_PASSEDTEST,AMATEUR) values ('234',to_date('08-MAY-18','DD-MON-RR'),'passed',null);
Insert into FINAL.QUALIFICATION (QUALI_TEST_SERIAL,QUALI_TEST_DATE,REMARKS_OF_PASSEDTEST,AMATEUR) values ('543',to_date('13-MAY-18','DD-MON-RR'),'passed',null);
REM INSERTING into FINAL.QUALIFIED_AS
SET DEFINE OFF;
Insert into FINAL.QUALIFIED_AS (QUALI_TEST_SERIAL,QUALI_TEST_DATE,EMP_ID) values ('1',to_date('11-JAN-01','DD-MON-RR'),'00000001');
Insert into FINAL.QUALIFIED_AS (QUALI_TEST_SERIAL,QUALI_TEST_DATE,EMP_ID) values ('3',to_date('11-JAN-01','DD-MON-RR'),'00000003');
Insert into FINAL.QUALIFIED_AS (QUALI_TEST_SERIAL,QUALI_TEST_DATE,EMP_ID) values ('1',to_date('12-JAN-01','DD-MON-RR'),'00000004');
Insert into FINAL.QUALIFIED_AS (QUALI_TEST_SERIAL,QUALI_TEST_DATE,EMP_ID) values ('2',to_date('12-JAN-01','DD-MON-RR'),'00000005');
Insert into FINAL.QUALIFIED_AS (QUALI_TEST_SERIAL,QUALI_TEST_DATE,EMP_ID) values ('3',to_date('12-JAN-01','DD-MON-RR'),'00000006');
Insert into FINAL.QUALIFIED_AS (QUALI_TEST_SERIAL,QUALI_TEST_DATE,EMP_ID) values ('666',to_date('10-MAY-18','DD-MON-RR'),'1022');
Insert into FINAL.QUALIFIED_AS (QUALI_TEST_SERIAL,QUALI_TEST_DATE,EMP_ID) values ('777',to_date('04-MAY-18','DD-MON-RR'),'1025');
Insert into FINAL.QUALIFIED_AS (QUALI_TEST_SERIAL,QUALI_TEST_DATE,EMP_ID) values ('5555',to_date('07-MAY-18','DD-MON-RR'),'1028');
Insert into FINAL.QUALIFIED_AS (QUALI_TEST_SERIAL,QUALI_TEST_DATE,EMP_ID) values ('435',to_date('08-MAY-18','DD-MON-RR'),'1020');
Insert into FINAL.QUALIFIED_AS (QUALI_TEST_SERIAL,QUALI_TEST_DATE,EMP_ID) values ('543',to_date('13-MAY-18','DD-MON-RR'),'1027');
Insert into FINAL.QUALIFIED_AS (QUALI_TEST_SERIAL,QUALI_TEST_DATE,EMP_ID) values ('234',to_date('08-MAY-18','DD-MON-RR'),'1026');
REM INSERTING into FINAL.REASON
SET DEFINE OFF;
Insert into FINAL.REASON (PAY_DATE,PAY_SERIAL_NO,PAY_REASON) values (to_date('11-JAN-01','DD-MON-RR'),1,'EID');
Insert into FINAL.REASON (PAY_DATE,PAY_SERIAL_NO,PAY_REASON) values (to_date('10-MAY-01','DD-MON-RR'),1,'Diwali');
Insert into FINAL.REASON (PAY_DATE,PAY_SERIAL_NO,PAY_REASON) values (to_date('11-JAN-01','DD-MON-RR'),2,'EID');
Insert into FINAL.REASON (PAY_DATE,PAY_SERIAL_NO,PAY_REASON) values (to_date('11-JAN-01','DD-MON-RR'),3,'EID');
Insert into FINAL.REASON (PAY_DATE,PAY_SERIAL_NO,PAY_REASON) values (to_date('14-JAN-01','DD-MON-RR'),1,'EID');
Insert into FINAL.REASON (PAY_DATE,PAY_SERIAL_NO,PAY_REASON) values (to_date('18-MAY-01','DD-MON-RR'),1,'Diwali');
Insert into FINAL.REASON (PAY_DATE,PAY_SERIAL_NO,PAY_REASON) values (to_date('14-JAN-01','DD-MON-RR'),2,'EID');
Insert into FINAL.REASON (PAY_DATE,PAY_SERIAL_NO,PAY_REASON) values (to_date('18-JAN-01','DD-MON-RR'),2,'EID');
REM INSERTING into FINAL.REGINFO
SET DEFINE OFF;
Insert into FINAL.REGINFO (REG_ID,REG_FIRST_NAME,REG_MIDDLE_NAME,REG_LAST_NAME,REG_EMAIL,REG_PASS,CHECK_VAL) values (1021,'Umair','sifat','uma','umair@gmail.com','1234',1);
Insert into FINAL.REGINFO (REG_ID,REG_FIRST_NAME,REG_MIDDLE_NAME,REG_LAST_NAME,REG_EMAIL,REG_PASS,CHECK_VAL) values (1028,'Ashiqur','Rahman','Raz','raz@gmail.com','1234',3);
Insert into FINAL.REGINFO (REG_ID,REG_FIRST_NAME,REG_MIDDLE_NAME,REG_LAST_NAME,REG_EMAIL,REG_PASS,CHECK_VAL) values (1020,'imtiaz','Ahmed','gut','imtiaz@gmail.com','1234',4);
Insert into FINAL.REGINFO (REG_ID,REG_FIRST_NAME,REG_MIDDLE_NAME,REG_LAST_NAME,REG_EMAIL,REG_PASS,CHECK_VAL) values (1022,'farhan','sadeed','hamba','farhan@gmail.com','1234',2);
Insert into FINAL.REGINFO (REG_ID,REG_FIRST_NAME,REG_MIDDLE_NAME,REG_LAST_NAME,REG_EMAIL,REG_PASS,CHECK_VAL) values (1013,'salauddin','Islam','shanto','shanto@gmail.com','1234',1);
Insert into FINAL.REGINFO (REG_ID,REG_FIRST_NAME,REG_MIDDLE_NAME,REG_LAST_NAME,REG_EMAIL,REG_PASS,CHECK_VAL) values (1023,'swapnil','biswas','swap','swapnil@gmail.com','1234',1);
Insert into FINAL.REGINFO (REG_ID,REG_FIRST_NAME,REG_MIDDLE_NAME,REG_LAST_NAME,REG_EMAIL,REG_PASS,CHECK_VAL) values (1003,'Noor','Mohammad','Asif','noorasif@gmail.com','1234',6);
Insert into FINAL.REGINFO (REG_ID,REG_FIRST_NAME,REG_MIDDLE_NAME,REG_LAST_NAME,REG_EMAIL,REG_PASS,CHECK_VAL) values (1025,'tarek','ul','vhai','tarek@gmail.com','1234',2);
Insert into FINAL.REGINFO (REG_ID,REG_FIRST_NAME,REG_MIDDLE_NAME,REG_LAST_NAME,REG_EMAIL,REG_PASS,CHECK_VAL) values (1026,'Hasibur','Rahman','Porag','porag@gmail.com','1234',5);
Insert into FINAL.REGINFO (REG_ID,REG_FIRST_NAME,REG_MIDDLE_NAME,REG_LAST_NAME,REG_EMAIL,REG_PASS,CHECK_VAL) values (1027,'kanak','chakma','hoi','kanak@gmail.com','1234',2);
REM INSERTING into FINAL.ROUTE
SET DEFINE OFF;
Insert into FINAL.ROUTE (ROUTE_NO,START_LOCATION,END_LOCATION,STOPPAGES,CITY) values ('R-01','X','Y','Z','DHAKA');
Insert into FINAL.ROUTE (ROUTE_NO,START_LOCATION,END_LOCATION,STOPPAGES,CITY) values ('R-02','X','Y','w','DHAKA');
Insert into FINAL.ROUTE (ROUTE_NO,START_LOCATION,END_LOCATION,STOPPAGES,CITY) values ('R-03','X','Y','v','DHAKA');
REM INSERTING into FINAL.SALARY
SET DEFINE OFF;
Insert into FINAL.SALARY (TRANSACTION_ID,TRANSACTION_DATE,BASIC,FOOD_ALLOWANCE,RESIDENCE_ALLOWANCE,TRANSPORT_ALLOWANCE) values ('T-001',to_date('11-JAN-01','DD-MON-RR'),10000,2000,3000,500);
Insert into FINAL.SALARY (TRANSACTION_ID,TRANSACTION_DATE,BASIC,FOOD_ALLOWANCE,RESIDENCE_ALLOWANCE,TRANSPORT_ALLOWANCE) values ('T-002',to_date('12-JAN-01','DD-MON-RR'),20000,4000,3000,500);
Insert into FINAL.SALARY (TRANSACTION_ID,TRANSACTION_DATE,BASIC,FOOD_ALLOWANCE,RESIDENCE_ALLOWANCE,TRANSPORT_ALLOWANCE) values ('T-003',to_date('13-JAN-01','DD-MON-RR'),30000,5000,3000,500);
Insert into FINAL.SALARY (TRANSACTION_ID,TRANSACTION_DATE,BASIC,FOOD_ALLOWANCE,RESIDENCE_ALLOWANCE,TRANSPORT_ALLOWANCE) values ('T-001',to_date('10-JAN-01','DD-MON-RR'),10000,2000,3000,500);
Insert into FINAL.SALARY (TRANSACTION_ID,TRANSACTION_DATE,BASIC,FOOD_ALLOWANCE,RESIDENCE_ALLOWANCE,TRANSPORT_ALLOWANCE) values ('T-002',to_date('10-JAN-01','DD-MON-RR'),20000,4000,3000,500);
Insert into FINAL.SALARY (TRANSACTION_ID,TRANSACTION_DATE,BASIC,FOOD_ALLOWANCE,RESIDENCE_ALLOWANCE,TRANSPORT_ALLOWANCE) values ('T-003',to_date('10-JAN-01','DD-MON-RR'),30000,5000,3000,500);
REM INSERTING into FINAL.SAL_CHECK
SET DEFINE OFF;
Insert into FINAL.SAL_CHECK (EMP_TYPE,BASIC) values ('Driver',9000);
Insert into FINAL.SAL_CHECK (EMP_TYPE,BASIC) values ('Supervisor',15000);
Insert into FINAL.SAL_CHECK (EMP_TYPE,BASIC) values ('Conductor',6000);
Insert into FINAL.SAL_CHECK (EMP_TYPE,BASIC) values ('Office Worker',8000);
REM INSERTING into FINAL.SUPERVISOR
SET DEFINE OFF;
Insert into FINAL.SUPERVISOR (EMP_ID,ROUTE_NO,DESIGNATION,SV_ROUTE) values ('00000004','R-01','Senior Supervisor','Uttora-Gazipur');
Insert into FINAL.SUPERVISOR (EMP_ID,ROUTE_NO,DESIGNATION,SV_ROUTE) values ('00000005','R-02','Senior Supervisor','Uttora-Mirpur');
REM INSERTING into FINAL.TEMP_EMPLOYEE
SET DEFINE OFF;
Insert into FINAL.TEMP_EMPLOYEE (AUTO_ID,FIRST_NAME,MIDDLE_NAME,LAST_NAME,EMP_NID,BIRTH_CERT_NO,FATHER_NAME,MOTHER_NAME,DATE_OF_BIRTH,EMP_TYPE,REPORTS_TO,STREET,ROAD_NO,UPAZILLA,CITY,DIVISION,EMP_STATUS_NO) values ('1021',null,null,null,null,null,null,null,null,null,null,null,null,null,null,null,1);
Insert into FINAL.TEMP_EMPLOYEE (AUTO_ID,FIRST_NAME,MIDDLE_NAME,LAST_NAME,EMP_NID,BIRTH_CERT_NO,FATHER_NAME,MOTHER_NAME,DATE_OF_BIRTH,EMP_TYPE,REPORTS_TO,STREET,ROAD_NO,UPAZILLA,CITY,DIVISION,EMP_STATUS_NO) values ('1023',null,null,null,null,null,null,null,null,null,null,null,null,null,null,null,1);
Insert into FINAL.TEMP_EMPLOYEE (AUTO_ID,FIRST_NAME,MIDDLE_NAME,LAST_NAME,EMP_NID,BIRTH_CERT_NO,FATHER_NAME,MOTHER_NAME,DATE_OF_BIRTH,EMP_TYPE,REPORTS_TO,STREET,ROAD_NO,UPAZILLA,CITY,DIVISION,EMP_STATUS_NO) values ('1020','imtiaz','Ahmed','gut','N8765',null,'Imtiaz father','Imtiaz mother',to_date('03-MAY-18','DD-MON-RR'),'Driver',null,'street',123,'Shat','Ahatkhira','Khulna',4);
Insert into FINAL.TEMP_EMPLOYEE (AUTO_ID,FIRST_NAME,MIDDLE_NAME,LAST_NAME,EMP_NID,BIRTH_CERT_NO,FATHER_NAME,MOTHER_NAME,DATE_OF_BIRTH,EMP_TYPE,REPORTS_TO,STREET,ROAD_NO,UPAZILLA,CITY,DIVISION,EMP_STATUS_NO) values ('1022','farhan','sadeed','hamba','N8888',null,'Farhan father','Farhan mother',to_date('09-MAY-18','DD-MON-RR'),'Driver',null,'street',432,'Buri','comilla','chittagong',2);
Insert into FINAL.TEMP_EMPLOYEE (AUTO_ID,FIRST_NAME,MIDDLE_NAME,LAST_NAME,EMP_NID,BIRTH_CERT_NO,FATHER_NAME,MOTHER_NAME,DATE_OF_BIRTH,EMP_TYPE,REPORTS_TO,STREET,ROAD_NO,UPAZILLA,CITY,DIVISION,EMP_STATUS_NO) values ('1028','Ashiqur','Rahman','Raz','N34534',null,'ffffff','mmmmmm',to_date('13-MAY-18','DD-MON-RR'),'Conductor',null,'ssss',4444,'uuuu','cccc','dddd',3);
Insert into FINAL.TEMP_EMPLOYEE (AUTO_ID,FIRST_NAME,MIDDLE_NAME,LAST_NAME,EMP_NID,BIRTH_CERT_NO,FATHER_NAME,MOTHER_NAME,DATE_OF_BIRTH,EMP_TYPE,REPORTS_TO,STREET,ROAD_NO,UPAZILLA,CITY,DIVISION,EMP_STATUS_NO) values ('1025','tarek','ul','vhai','N7777',null,'Tarek father','tarek mother',to_date('09-MAY-18','DD-MON-RR'),'Driver',null,'street',7777,'dontknow','city','Dhaka',2);
Insert into FINAL.TEMP_EMPLOYEE (AUTO_ID,FIRST_NAME,MIDDLE_NAME,LAST_NAME,EMP_NID,BIRTH_CERT_NO,FATHER_NAME,MOTHER_NAME,DATE_OF_BIRTH,EMP_TYPE,REPORTS_TO,STREET,ROAD_NO,UPAZILLA,CITY,DIVISION,EMP_STATUS_NO) values ('1003','Noor','Mohammad','Asif','N123456',null,'Noor father','Noor Mother',to_date('05-MAY-18','DD-MON-RR'),'Admin',null,'street',1234,'Chap','Chapai','Rajshahi',6);
Insert into FINAL.TEMP_EMPLOYEE (AUTO_ID,FIRST_NAME,MIDDLE_NAME,LAST_NAME,EMP_NID,BIRTH_CERT_NO,FATHER_NAME,MOTHER_NAME,DATE_OF_BIRTH,EMP_TYPE,REPORTS_TO,STREET,ROAD_NO,UPAZILLA,CITY,DIVISION,EMP_STATUS_NO) values ('1026','Hasibur','Rahman','Porag','N9876',null,'Hasibur Father','Hasibur mother',to_date('02-MAY-18','DD-MON-RR'),'Supervisor',null,'street',5432,'Gopali','Gopal','Gopalgonj',5);
Insert into FINAL.TEMP_EMPLOYEE (AUTO_ID,FIRST_NAME,MIDDLE_NAME,LAST_NAME,EMP_NID,BIRTH_CERT_NO,FATHER_NAME,MOTHER_NAME,DATE_OF_BIRTH,EMP_TYPE,REPORTS_TO,STREET,ROAD_NO,UPAZILLA,CITY,DIVISION,EMP_STATUS_NO) values ('1027','kanak','chakma','hoi','N23545',null,'aaaaaa','mmmmm',to_date('01-JAN-70','DD-MON-RR'),'Driver',null,'street',1234,'Upa','city','Khulna',2);
REM INSERTING into FINAL.TEMP_HEALTHINFO
SET DEFINE OFF;
Insert into FINAL.TEMP_HEALTHINFO (AUTO_ID,TEST_SERIAL,TEST_DATE,BLOOD_GROUP,HEIGHT,WEIGHT,EYESIGHT,DRUG_TEST,EMP_STATUS_NO) values ('1028','6666',to_date('21-MAY-18','DD-MON-RR'),'AB+',124,56,'5/5','Not_addicted',3);
Insert into FINAL.TEMP_HEALTHINFO (AUTO_ID,TEST_SERIAL,TEST_DATE,BLOOD_GROUP,HEIGHT,WEIGHT,EYESIGHT,DRUG_TEST,EMP_STATUS_NO) values ('1020','4444',to_date('18-MAY-18','DD-MON-RR'),'B+',123,56,'5/5','Not_addicted',4);
Insert into FINAL.TEMP_HEALTHINFO (AUTO_ID,TEST_SERIAL,TEST_DATE,BLOOD_GROUP,HEIGHT,WEIGHT,EYESIGHT,DRUG_TEST,EMP_STATUS_NO) values ('1022','34',to_date('21-MAY-18','DD-MON-RR'),'A+',123,34,'6/6','Not_addicted',2);
Insert into FINAL.TEMP_HEALTHINFO (AUTO_ID,TEST_SERIAL,TEST_DATE,BLOOD_GROUP,HEIGHT,WEIGHT,EYESIGHT,DRUG_TEST,EMP_STATUS_NO) values ('1025','7777',to_date('15-MAY-18','DD-MON-RR'),'A+',122,69,'6/6','Not_addicted',2);
Insert into FINAL.TEMP_HEALTHINFO (AUTO_ID,TEST_SERIAL,TEST_DATE,BLOOD_GROUP,HEIGHT,WEIGHT,EYESIGHT,DRUG_TEST,EMP_STATUS_NO) values ('1003','135',to_date('19-MAY-18','DD-MON-RR'),'AB+',122,58,'6/6','Not_addicted',6);
Insert into FINAL.TEMP_HEALTHINFO (AUTO_ID,TEST_SERIAL,TEST_DATE,BLOOD_GROUP,HEIGHT,WEIGHT,EYESIGHT,DRUG_TEST,EMP_STATUS_NO) values ('1026','435',to_date('10-MAY-18','DD-MON-RR'),'B+',123,56,'6/6','Not_addicted',5);
Insert into FINAL.TEMP_HEALTHINFO (AUTO_ID,TEST_SERIAL,TEST_DATE,BLOOD_GROUP,HEIGHT,WEIGHT,EYESIGHT,DRUG_TEST,EMP_STATUS_NO) values ('1027','876',to_date('06-MAY-18','DD-MON-RR'),'B-',123,67,'6/6','Not_addicted',2);
REM INSERTING into FINAL.TEMP_QUALIFICATION
SET DEFINE OFF;
Insert into FINAL.TEMP_QUALIFICATION (AUTO_ID,QUALI_TEST_SERIAL,QUALI_TEST_DATE,REMARKS_OF_PASSEDTEST,AMATEUR,EMP_STATUS_NO,EDUCATIONAL_QUALIFICATION,YRS_OF_EXPERIENCE,PREVIOUS_ORG) values ('1028','5555',to_date('07-MAY-18','DD-MON-RR'),'passed',null,3,'ssc hsc',3,'BUP');
Insert into FINAL.TEMP_QUALIFICATION (AUTO_ID,QUALI_TEST_SERIAL,QUALI_TEST_DATE,REMARKS_OF_PASSEDTEST,AMATEUR,EMP_STATUS_NO,EDUCATIONAL_QUALIFICATION,YRS_OF_EXPERIENCE,PREVIOUS_ORG) values ('1020','435',to_date('08-MAY-18','DD-MON-RR'),'passed',null,4,'ssc hsc',4,'BUP');
Insert into FINAL.TEMP_QUALIFICATION (AUTO_ID,QUALI_TEST_SERIAL,QUALI_TEST_DATE,REMARKS_OF_PASSEDTEST,AMATEUR,EMP_STATUS_NO,EDUCATIONAL_QUALIFICATION,YRS_OF_EXPERIENCE,PREVIOUS_ORG) values ('1022','666',to_date('10-MAY-18','DD-MON-RR'),'passed',null,2,'ssc hsc',3,'BUP');
Insert into FINAL.TEMP_QUALIFICATION (AUTO_ID,QUALI_TEST_SERIAL,QUALI_TEST_DATE,REMARKS_OF_PASSEDTEST,AMATEUR,EMP_STATUS_NO,EDUCATIONAL_QUALIFICATION,YRS_OF_EXPERIENCE,PREVIOUS_ORG) values ('1003','246',to_date('04-MAY-18','DD-MON-RR'),'passed',null,6,'ssc hsc',null,null);
Insert into FINAL.TEMP_QUALIFICATION (AUTO_ID,QUALI_TEST_SERIAL,QUALI_TEST_DATE,REMARKS_OF_PASSEDTEST,AMATEUR,EMP_STATUS_NO,EDUCATIONAL_QUALIFICATION,YRS_OF_EXPERIENCE,PREVIOUS_ORG) values ('1025','777',to_date('04-MAY-18','DD-MON-RR'),'passed',null,2,'ssc hsc',3,'BUP');
Insert into FINAL.TEMP_QUALIFICATION (AUTO_ID,QUALI_TEST_SERIAL,QUALI_TEST_DATE,REMARKS_OF_PASSEDTEST,AMATEUR,EMP_STATUS_NO,EDUCATIONAL_QUALIFICATION,YRS_OF_EXPERIENCE,PREVIOUS_ORG) values ('1026','234',to_date('08-MAY-18','DD-MON-RR'),'passed',null,5,'ssc hsc',4,'BUP');
Insert into FINAL.TEMP_QUALIFICATION (AUTO_ID,QUALI_TEST_SERIAL,QUALI_TEST_DATE,REMARKS_OF_PASSEDTEST,AMATEUR,EMP_STATUS_NO,EDUCATIONAL_QUALIFICATION,YRS_OF_EXPERIENCE,PREVIOUS_ORG) values ('1027','543',to_date('13-MAY-18','DD-MON-RR'),'passed',null,2,'jsc psc',5,'BUP');
REM INSERTING into FINAL.TOP_EMPLOYEE
SET DEFINE OFF;
Insert into FINAL.TOP_EMPLOYEE (EMP_NID,AWARD,RATING,PURPOSE,AWARDING_YR) values ('N00000001','1st',9,'xxx',to_date('11-JAN-01','DD-MON-RR'));
Insert into FINAL.TOP_EMPLOYEE (EMP_NID,AWARD,RATING,PURPOSE,AWARDING_YR) values ('N00000002','2st',8,'xxx',to_date('11-JAN-01','DD-MON-RR'));
Insert into FINAL.TOP_EMPLOYEE (EMP_NID,AWARD,RATING,PURPOSE,AWARDING_YR) values ('N00000003','3st',8,'xxx',to_date('11-JAN-01','DD-MON-RR'));
REM INSERTING into FINAL.VEHICLE_DAMAGED
SET DEFINE OFF;
Insert into FINAL.VEHICLE_DAMAGED (DAMAGED_DATE,REG_NUMBER,PENALTY_TAKEN,EXACT_DAMAGE,LOCATION_OF_DAMAGE,ROUTE_NO) values (to_date('11-JAN-01','DD-MON-RR'),1,500,'Glass','Uttora','R-01');
Insert into FINAL.VEHICLE_DAMAGED (DAMAGED_DATE,REG_NUMBER,PENALTY_TAKEN,EXACT_DAMAGE,LOCATION_OF_DAMAGE,ROUTE_NO) values (to_date('12-JAN-01','DD-MON-RR'),2,500,'Glass','Uttora','R-02');
Insert into FINAL.VEHICLE_DAMAGED (DAMAGED_DATE,REG_NUMBER,PENALTY_TAKEN,EXACT_DAMAGE,LOCATION_OF_DAMAGE,ROUTE_NO) values (to_date('13-JAN-01','DD-MON-RR'),3,500,'Glass','Uttora','R-03');
REM INSERTING into FINAL.WORKING_DAYS
SET DEFINE OFF;
Insert into FINAL.WORKING_DAYS (EMP_ID,CURRENT_DATE1,ATTEND_SER,SHIFT,REASON_OF_ABSENCE,IN_TIME,OUT_TIME) values ('00000001',to_date('11-JAN-01','DD-MON-RR'),1,'Morning',null,'09:00','05:00');
Insert into FINAL.WORKING_DAYS (EMP_ID,CURRENT_DATE1,ATTEND_SER,SHIFT,REASON_OF_ABSENCE,IN_TIME,OUT_TIME) values ('00000002',to_date('11-JAN-01','DD-MON-RR'),2,'Morning',null,'09:00','05:00');
Insert into FINAL.WORKING_DAYS (EMP_ID,CURRENT_DATE1,ATTEND_SER,SHIFT,REASON_OF_ABSENCE,IN_TIME,OUT_TIME) values ('00000003',to_date('11-JAN-01','DD-MON-RR'),3,'Morning','Sick',null,null);
Insert into FINAL.WORKING_DAYS (EMP_ID,CURRENT_DATE1,ATTEND_SER,SHIFT,REASON_OF_ABSENCE,IN_TIME,OUT_TIME) values ('00000004',to_date('12-JAN-01','DD-MON-RR'),1,'Morning','Sick',null,null);
Insert into FINAL.WORKING_DAYS (EMP_ID,CURRENT_DATE1,ATTEND_SER,SHIFT,REASON_OF_ABSENCE,IN_TIME,OUT_TIME) values ('00000004',to_date('15-JAN-01','DD-MON-RR'),2,'Night','Inleave',null,null);
Insert into FINAL.WORKING_DAYS (EMP_ID,CURRENT_DATE1,ATTEND_SER,SHIFT,REASON_OF_ABSENCE,IN_TIME,OUT_TIME) values ('00000004',to_date('21-JAN-01','DD-MON-RR'),4,'Morning','Sick',null,null);
REM INSERTING into FINAL.WORKS_IN
SET DEFINE OFF;
Insert into FINAL.WORKS_IN (OFFICE_NO,EMP_ID) values (1,'00000001');
Insert into FINAL.WORKS_IN (OFFICE_NO,EMP_ID) values (1,'00000003');
Insert into FINAL.WORKS_IN (OFFICE_NO,EMP_ID) values (2,'00000004');
--------------------------------------------------------
--  DDL for Index SUPERVISOR_SV_ROUTE_UK
--------------------------------------------------------

  CREATE UNIQUE INDEX "FINAL"."SUPERVISOR_SV_ROUTE_UK" ON "FINAL"."SUPERVISOR" ("SV_ROUTE") 
  PCTFREE 10 INITRANS 2 MAXTRANS 255 COMPUTE STATISTICS 
  STORAGE(INITIAL 65536 NEXT 1048576 MINEXTENTS 1 MAXEXTENTS 2147483645
  PCTINCREASE 0 FREELISTS 1 FREELIST GROUPS 1 BUFFER_POOL DEFAULT FLASH_CACHE DEFAULT CELL_FLASH_CACHE DEFAULT)
  TABLESPACE "USERS" ;
--------------------------------------------------------
--  DDL for Index EMPLOYEE_EMP_NID_UK
--------------------------------------------------------

  CREATE UNIQUE INDEX "FINAL"."EMPLOYEE_EMP_NID_UK" ON "FINAL"."EMPLOYEE" ("EMP_NID") 
  PCTFREE 10 INITRANS 2 MAXTRANS 255 COMPUTE STATISTICS 
  STORAGE(INITIAL 65536 NEXT 1048576 MINEXTENTS 1 MAXEXTENTS 2147483645
  PCTINCREASE 0 FREELISTS 1 FREELIST GROUPS 1 BUFFER_POOL DEFAULT FLASH_CACHE DEFAULT CELL_FLASH_CACHE DEFAULT)
  TABLESPACE "USERS" ;
--------------------------------------------------------
--  DDL for Index WORKING_DAYS_PK
--------------------------------------------------------

  CREATE UNIQUE INDEX "FINAL"."WORKING_DAYS_PK" ON "FINAL"."WORKING_DAYS" ("CURRENT_DATE1", "ATTEND_SER") 
  PCTFREE 10 INITRANS 2 MAXTRANS 255 COMPUTE STATISTICS 
  STORAGE(INITIAL 65536 NEXT 1048576 MINEXTENTS 1 MAXEXTENTS 2147483645
  PCTINCREASE 0 FREELISTS 1 FREELIST GROUPS 1 BUFFER_POOL DEFAULT FLASH_CACHE DEFAULT CELL_FLASH_CACHE DEFAULT)
  TABLESPACE "USERS" ;
--------------------------------------------------------
--  DDL for Index PENALTY_PK
--------------------------------------------------------

  CREATE UNIQUE INDEX "FINAL"."PENALTY_PK" ON "FINAL"."PENALTY" ("SLIP_NO", "PENALTY_DATE") 
  PCTFREE 10 INITRANS 2 MAXTRANS 255 COMPUTE STATISTICS 
  STORAGE(INITIAL 65536 NEXT 1048576 MINEXTENTS 1 MAXEXTENTS 2147483645
  PCTINCREASE 0 FREELISTS 1 FREELIST GROUPS 1 BUFFER_POOL DEFAULT FLASH_CACHE DEFAULT CELL_FLASH_CACHE DEFAULT)
  TABLESPACE "USERS" ;
--------------------------------------------------------
--  DDL for Index INSURANCE_INSURANCE_ID_PK
--------------------------------------------------------

  CREATE UNIQUE INDEX "FINAL"."INSURANCE_INSURANCE_ID_PK" ON "FINAL"."INSURANCE" ("INSURANCE_ID") 
  PCTFREE 10 INITRANS 2 MAXTRANS 255 COMPUTE STATISTICS 
  STORAGE(INITIAL 65536 NEXT 1048576 MINEXTENTS 1 MAXEXTENTS 2147483645
  PCTINCREASE 0 FREELISTS 1 FREELIST GROUPS 1 BUFFER_POOL DEFAULT FLASH_CACHE DEFAULT CELL_FLASH_CACHE DEFAULT)
  TABLESPACE "USERS" ;
--------------------------------------------------------
--  DDL for Index EMERGENCY_HELP_EMP_ID_PK
--------------------------------------------------------

  CREATE UNIQUE INDEX "FINAL"."EMERGENCY_HELP_EMP_ID_PK" ON "FINAL"."EMERGENCY_HELP" ("EMP_ID") 
  PCTFREE 10 INITRANS 2 MAXTRANS 255 COMPUTE STATISTICS 
  STORAGE(INITIAL 65536 NEXT 1048576 MINEXTENTS 1 MAXEXTENTS 2147483645
  PCTINCREASE 0 FREELISTS 1 FREELIST GROUPS 1 BUFFER_POOL DEFAULT FLASH_CACHE DEFAULT CELL_FLASH_CACHE DEFAULT)
  TABLESPACE "USERS" ;
--------------------------------------------------------
--  DDL for Index BONUS_PK
--------------------------------------------------------

  CREATE UNIQUE INDEX "FINAL"."BONUS_PK" ON "FINAL"."BONUS" ("PAY_DATE", "PAY_SERIAL_NO") 
  PCTFREE 10 INITRANS 2 MAXTRANS 255 COMPUTE STATISTICS 
  STORAGE(INITIAL 65536 NEXT 1048576 MINEXTENTS 1 MAXEXTENTS 2147483645
  PCTINCREASE 0 FREELISTS 1 FREELIST GROUPS 1 BUFFER_POOL DEFAULT FLASH_CACHE DEFAULT CELL_FLASH_CACHE DEFAULT)
  TABLESPACE "USERS" ;
--------------------------------------------------------
--  DDL for Index FEEDBACK_EMP_NID_PK
--------------------------------------------------------

  CREATE UNIQUE INDEX "FINAL"."FEEDBACK_EMP_NID_PK" ON "FINAL"."FEEDBACK" ("EMP_NID") 
  PCTFREE 10 INITRANS 2 MAXTRANS 255 COMPUTE STATISTICS 
  STORAGE(INITIAL 65536 NEXT 1048576 MINEXTENTS 1 MAXEXTENTS 2147483645
  PCTINCREASE 0 FREELISTS 1 FREELIST GROUPS 1 BUFFER_POOL DEFAULT FLASH_CACHE DEFAULT CELL_FLASH_CACHE DEFAULT)
  TABLESPACE "USERS" ;
--------------------------------------------------------
--  DDL for Index EMAIL_EMAIL_ID_UK
--------------------------------------------------------

  CREATE UNIQUE INDEX "FINAL"."EMAIL_EMAIL_ID_UK" ON "FINAL"."EMAIL" ("EMAIL_ID") 
  PCTFREE 10 INITRANS 2 MAXTRANS 255 COMPUTE STATISTICS 
  STORAGE(INITIAL 65536 NEXT 1048576 MINEXTENTS 1 MAXEXTENTS 2147483645
  PCTINCREASE 0 FREELISTS 1 FREELIST GROUPS 1 BUFFER_POOL DEFAULT FLASH_CACHE DEFAULT CELL_FLASH_CACHE DEFAULT)
  TABLESPACE "USERS" ;
--------------------------------------------------------
--  DDL for Index PHONE_NO_PHONE_NUM_UK
--------------------------------------------------------

  CREATE UNIQUE INDEX "FINAL"."PHONE_NO_PHONE_NUM_UK" ON "FINAL"."PHONE_NO" ("PHONE_NUM") 
  PCTFREE 10 INITRANS 2 MAXTRANS 255 COMPUTE STATISTICS 
  STORAGE(INITIAL 65536 NEXT 1048576 MINEXTENTS 1 MAXEXTENTS 2147483645
  PCTINCREASE 0 FREELISTS 1 FREELIST GROUPS 1 BUFFER_POOL DEFAULT FLASH_CACHE DEFAULT CELL_FLASH_CACHE DEFAULT)
  TABLESPACE "USERS" ;
--------------------------------------------------------
--  DDL for Index SUPERVISOR_ROUTE_NO_PK
--------------------------------------------------------

  CREATE UNIQUE INDEX "FINAL"."SUPERVISOR_ROUTE_NO_PK" ON "FINAL"."SUPERVISOR" ("ROUTE_NO") 
  PCTFREE 10 INITRANS 2 MAXTRANS 255 COMPUTE STATISTICS 
  STORAGE(INITIAL 65536 NEXT 1048576 MINEXTENTS 1 MAXEXTENTS 2147483645
  PCTINCREASE 0 FREELISTS 1 FREELIST GROUPS 1 BUFFER_POOL DEFAULT FLASH_CACHE DEFAULT CELL_FLASH_CACHE DEFAULT)
  TABLESPACE "USERS" ;
--------------------------------------------------------
--  DDL for Index ASSIGNEDVEHICLE_REG_NUMBER_PK
--------------------------------------------------------

  CREATE UNIQUE INDEX "FINAL"."ASSIGNEDVEHICLE_REG_NUMBER_PK" ON "FINAL"."ASSIGNEDVEHICLE" ("REG_NUMBER") 
  PCTFREE 10 INITRANS 2 MAXTRANS 255 COMPUTE STATISTICS 
  STORAGE(INITIAL 65536 NEXT 1048576 MINEXTENTS 1 MAXEXTENTS 2147483645
  PCTINCREASE 0 FREELISTS 1 FREELIST GROUPS 1 BUFFER_POOL DEFAULT FLASH_CACHE DEFAULT CELL_FLASH_CACHE DEFAULT)
  TABLESPACE "USERS" ;
--------------------------------------------------------
--  DDL for Index OC_OFFICE_CONTACT_NO_UK
--------------------------------------------------------

  CREATE UNIQUE INDEX "FINAL"."OC_OFFICE_CONTACT_NO_UK" ON "FINAL"."OFFICE_CONTACT_INFO" ("OFFICE_CONTACT_NO") 
  PCTFREE 10 INITRANS 2 MAXTRANS 255 COMPUTE STATISTICS 
  STORAGE(INITIAL 65536 NEXT 1048576 MINEXTENTS 1 MAXEXTENTS 2147483645
  PCTINCREASE 0 FREELISTS 1 FREELIST GROUPS 1 BUFFER_POOL DEFAULT FLASH_CACHE DEFAULT CELL_FLASH_CACHE DEFAULT)
  TABLESPACE "USERS" ;
--------------------------------------------------------
--  DDL for Index DEPENDENTS_DEP_NID_PK
--------------------------------------------------------

  CREATE UNIQUE INDEX "FINAL"."DEPENDENTS_DEP_NID_PK" ON "FINAL"."DEPENDENTS" ("DEP_NID") 
  PCTFREE 10 INITRANS 2 MAXTRANS 255 COMPUTE STATISTICS 
  STORAGE(INITIAL 65536 NEXT 1048576 MINEXTENTS 1 MAXEXTENTS 2147483645
  PCTINCREASE 0 FREELISTS 1 FREELIST GROUPS 1 BUFFER_POOL DEFAULT FLASH_CACHE DEFAULT CELL_FLASH_CACHE DEFAULT)
  TABLESPACE "USERS" ;
--------------------------------------------------------
--  DDL for Index LEAVE_PK
--------------------------------------------------------

  CREATE UNIQUE INDEX "FINAL"."LEAVE_PK" ON "FINAL"."LEAVE" ("APPLICATION_NO", "APPLICATION_DATE") 
  PCTFREE 10 INITRANS 2 MAXTRANS 255 COMPUTE STATISTICS 
  STORAGE(INITIAL 65536 NEXT 1048576 MINEXTENTS 1 MAXEXTENTS 2147483645
  PCTINCREASE 0 FREELISTS 1 FREELIST GROUPS 1 BUFFER_POOL DEFAULT FLASH_CACHE DEFAULT CELL_FLASH_CACHE DEFAULT)
  TABLESPACE "USERS" ;
--------------------------------------------------------
--  DDL for Index EMPLOYEE_EMP_ID_PK
--------------------------------------------------------

  CREATE UNIQUE INDEX "FINAL"."EMPLOYEE_EMP_ID_PK" ON "FINAL"."EMPLOYEE" ("EMP_ID") 
  PCTFREE 10 INITRANS 2 MAXTRANS 255 COMPUTE STATISTICS 
  STORAGE(INITIAL 65536 NEXT 1048576 MINEXTENTS 1 MAXEXTENTS 2147483645
  PCTINCREASE 0 FREELISTS 1 FREELIST GROUPS 1 BUFFER_POOL DEFAULT FLASH_CACHE DEFAULT CELL_FLASH_CACHE DEFAULT)
  TABLESPACE "USERS" ;
--------------------------------------------------------
--  DDL for Index SALARY_PK
--------------------------------------------------------

  CREATE UNIQUE INDEX "FINAL"."SALARY_PK" ON "FINAL"."SALARY" ("TRANSACTION_ID", "TRANSACTION_DATE") 
  PCTFREE 10 INITRANS 2 MAXTRANS 255 COMPUTE STATISTICS 
  STORAGE(INITIAL 65536 NEXT 1048576 MINEXTENTS 1 MAXEXTENTS 2147483645
  PCTINCREASE 0 FREELISTS 1 FREELIST GROUPS 1 BUFFER_POOL DEFAULT FLASH_CACHE DEFAULT CELL_FLASH_CACHE DEFAULT)
  TABLESPACE "USERS" ;
--------------------------------------------------------
--  DDL for Index TOP_EMPLOYEE_EMP_NID_PK
--------------------------------------------------------

  CREATE UNIQUE INDEX "FINAL"."TOP_EMPLOYEE_EMP_NID_PK" ON "FINAL"."TOP_EMPLOYEE" ("EMP_NID") 
  PCTFREE 10 INITRANS 2 MAXTRANS 255 COMPUTE STATISTICS 
  STORAGE(INITIAL 65536 NEXT 1048576 MINEXTENTS 1 MAXEXTENTS 2147483645
  PCTINCREASE 0 FREELISTS 1 FREELIST GROUPS 1 BUFFER_POOL DEFAULT FLASH_CACHE DEFAULT CELL_FLASH_CACHE DEFAULT)
  TABLESPACE "USERS" ;
--------------------------------------------------------
--  DDL for Index VEHICLE_DAMAGED_ROUTE_NO_PK
--------------------------------------------------------

  CREATE UNIQUE INDEX "FINAL"."VEHICLE_DAMAGED_ROUTE_NO_PK" ON "FINAL"."VEHICLE_DAMAGED" ("ROUTE_NO") 
  PCTFREE 10 INITRANS 2 MAXTRANS 255 COMPUTE STATISTICS 
  STORAGE(INITIAL 65536 NEXT 1048576 MINEXTENTS 1 MAXEXTENTS 2147483645
  PCTINCREASE 0 FREELISTS 1 FREELIST GROUPS 1 BUFFER_POOL DEFAULT FLASH_CACHE DEFAULT CELL_FLASH_CACHE DEFAULT)
  TABLESPACE "USERS" ;
--------------------------------------------------------
--  DDL for Index EMPLOYEE_BIRTH_CERT_NO_UK
--------------------------------------------------------

  CREATE UNIQUE INDEX "FINAL"."EMPLOYEE_BIRTH_CERT_NO_UK" ON "FINAL"."EMPLOYEE" ("BIRTH_CERT_NO") 
  PCTFREE 10 INITRANS 2 MAXTRANS 255 COMPUTE STATISTICS 
  STORAGE(INITIAL 65536 NEXT 1048576 MINEXTENTS 1 MAXEXTENTS 2147483645
  PCTINCREASE 0 FREELISTS 1 FREELIST GROUPS 1 BUFFER_POOL DEFAULT FLASH_CACHE DEFAULT CELL_FLASH_CACHE DEFAULT)
  TABLESPACE "USERS" ;
--------------------------------------------------------
--  DDL for Index HEALTHINFO_PK
--------------------------------------------------------

  CREATE UNIQUE INDEX "FINAL"."HEALTHINFO_PK" ON "FINAL"."HEALTHINFO" ("TEST_SERIAL", "TEST_DATE") 
  PCTFREE 10 INITRANS 2 MAXTRANS 255 COMPUTE STATISTICS 
  STORAGE(INITIAL 65536 NEXT 1048576 MINEXTENTS 1 MAXEXTENTS 2147483645
  PCTINCREASE 0 FREELISTS 1 FREELIST GROUPS 1 BUFFER_POOL DEFAULT FLASH_CACHE DEFAULT CELL_FLASH_CACHE DEFAULT)
  TABLESPACE "USERS" ;
--------------------------------------------------------
--  DDL for Index DRIVER_DRIVING_LICENSE_PK
--------------------------------------------------------

  CREATE UNIQUE INDEX "FINAL"."DRIVER_DRIVING_LICENSE_PK" ON "FINAL"."DRIVER" ("DRIVING_LICENSE") 
  PCTFREE 10 INITRANS 2 MAXTRANS 255 COMPUTE STATISTICS 
  STORAGE(INITIAL 65536 NEXT 1048576 MINEXTENTS 1 MAXEXTENTS 2147483645
  PCTINCREASE 0 FREELISTS 1 FREELIST GROUPS 1 BUFFER_POOL DEFAULT FLASH_CACHE DEFAULT CELL_FLASH_CACHE DEFAULT)
  TABLESPACE "USERS" ;
--------------------------------------------------------
--  DDL for Index CONTACT_NUM_CONTACTNUMBER_UK
--------------------------------------------------------

  CREATE UNIQUE INDEX "FINAL"."CONTACT_NUM_CONTACTNUMBER_UK" ON "FINAL"."CONTACT_NUM" ("CONTACTNUMBER") 
  PCTFREE 10 INITRANS 2 MAXTRANS 255 COMPUTE STATISTICS 
  STORAGE(INITIAL 65536 NEXT 1048576 MINEXTENTS 1 MAXEXTENTS 2147483645
  PCTINCREASE 0 FREELISTS 1 FREELIST GROUPS 1 BUFFER_POOL DEFAULT FLASH_CACHE DEFAULT CELL_FLASH_CACHE DEFAULT)
  TABLESPACE "USERS" ;
--------------------------------------------------------
--  DDL for Index ROUTE_STOPPAGES_UK
--------------------------------------------------------

  CREATE UNIQUE INDEX "FINAL"."ROUTE_STOPPAGES_UK" ON "FINAL"."ROUTE" ("STOPPAGES") 
  PCTFREE 10 INITRANS 2 MAXTRANS 255 COMPUTE STATISTICS 
  STORAGE(INITIAL 65536 NEXT 1048576 MINEXTENTS 1 MAXEXTENTS 2147483645
  PCTINCREASE 0 FREELISTS 1 FREELIST GROUPS 1 BUFFER_POOL DEFAULT FLASH_CACHE DEFAULT CELL_FLASH_CACHE DEFAULT)
  TABLESPACE "USERS" ;
--------------------------------------------------------
--  DDL for Index COMPANYINFO_OFFICE_NO_PK
--------------------------------------------------------

  CREATE UNIQUE INDEX "FINAL"."COMPANYINFO_OFFICE_NO_PK" ON "FINAL"."COMPANYINFO" ("OFFICE_NO") 
  PCTFREE 10 INITRANS 2 MAXTRANS 255 COMPUTE STATISTICS 
  STORAGE(INITIAL 65536 NEXT 1048576 MINEXTENTS 1 MAXEXTENTS 2147483645
  PCTINCREASE 0 FREELISTS 1 FREELIST GROUPS 1 BUFFER_POOL DEFAULT FLASH_CACHE DEFAULT CELL_FLASH_CACHE DEFAULT)
  TABLESPACE "USERS" ;
--------------------------------------------------------
--  DDL for Index QUALIFICATION_PK
--------------------------------------------------------

  CREATE UNIQUE INDEX "FINAL"."QUALIFICATION_PK" ON "FINAL"."QUALIFICATION" ("QUALI_TEST_SERIAL", "QUALI_TEST_DATE") 
  PCTFREE 10 INITRANS 2 MAXTRANS 255 COMPUTE STATISTICS 
  STORAGE(INITIAL 65536 NEXT 1048576 MINEXTENTS 1 MAXEXTENTS 2147483645
  PCTINCREASE 0 FREELISTS 1 FREELIST GROUPS 1 BUFFER_POOL DEFAULT FLASH_CACHE DEFAULT CELL_FLASH_CACHE DEFAULT)
  TABLESPACE "USERS" ;
--------------------------------------------------------
--  DDL for Index ROUTE_ROUTE_NO_PK
--------------------------------------------------------

  CREATE UNIQUE INDEX "FINAL"."ROUTE_ROUTE_NO_PK" ON "FINAL"."ROUTE" ("ROUTE_NO") 
  PCTFREE 10 INITRANS 2 MAXTRANS 255 COMPUTE STATISTICS 
  STORAGE(INITIAL 65536 NEXT 1048576 MINEXTENTS 1 MAXEXTENTS 2147483645
  PCTINCREASE 0 FREELISTS 1 FREELIST GROUPS 1 BUFFER_POOL DEFAULT FLASH_CACHE DEFAULT CELL_FLASH_CACHE DEFAULT)
  TABLESPACE "USERS" ;
--------------------------------------------------------
--  DDL for Trigger DELETE_EMP_TRIGGER
--------------------------------------------------------

  CREATE OR REPLACE TRIGGER "FINAL"."DELETE_EMP_TRIGGER" 
before delete 
on employee
for each row
begin
    insert into Ex_Employee values
    (:old.Emp_id ,
    :old.First_name , 
    :old.Middle_name , 
    :old.Last_name , 
    :old.Emp_nid ,
    :old.Birth_cert_no ,
    :old.Father_name ,
    :old.Mother_name ,
    :old.Date_of_birth ,
    :old.Leaving_date ,
    :old.Joining_date ,
    :old.Emp_type ,
    :old.Reports_to ,
    emp_addr_type(:old.address.Street , :old.address.Road_no  , :old.address.Upazilla , :old.address.City , :old.address.Division )

    );
end;
/
ALTER TRIGGER "FINAL"."DELETE_EMP_TRIGGER" ENABLE;
--------------------------------------------------------
--  DDL for Trigger EMPLOYEE_TRIGGER
--------------------------------------------------------

  CREATE OR REPLACE TRIGGER "FINAL"."EMPLOYEE_TRIGGER" 
after update of emp_status_no on 
temp_employee
for each row
begin
insert into employee(EMP_ID,First_name,Middle_name,
Last_name,Emp_nid,Birth_cert_no, Father_name,
Mother_name, Emp_type, Date_of_birth, Reports_to,
address)
values(:old.AUTO_ID,:old.First_name,:old.Middle_name,
:old.Last_name, :old.Emp_nid, :old.Birth_cert_no, :old.Father_name,
:old.Mother_name, :old.EMP_TYPE, :old.Date_of_birth, :old.Reports_to,
emp_addr_type(:old.Street, :old.Road_no, :old.Upazilla, :old.City, :old.Division));
end;
/
ALTER TRIGGER "FINAL"."EMPLOYEE_TRIGGER" ENABLE;
--------------------------------------------------------
--  DDL for Trigger HEALTHINFO_TRIGGER
--------------------------------------------------------

  CREATE OR REPLACE TRIGGER "FINAL"."HEALTHINFO_TRIGGER" 
before update of emp_status_no on 
temp_healthinfo
for each row
begin
insert into Healthinfo(Test_serial , Test_date, Blood_group,
 Height , Weight, Eyesight,  Drug_test ) values (:old.Test_serial , :old.Test_date, :old.Blood_group,
 :old.Height , :old.Weight, :old.Eyesight,  :old.Drug_test);

end;
/
ALTER TRIGGER "FINAL"."HEALTHINFO_TRIGGER" ENABLE;
--------------------------------------------------------
--  DDL for Trigger HEALTHINFO_TRIGGER2
--------------------------------------------------------

  CREATE OR REPLACE TRIGGER "FINAL"."HEALTHINFO_TRIGGER2" 
after update of emp_status_no on 
temp_healthinfo
for each row
begin
insert into Health_condition(Emp_id, Test_serial ,Test_date )
values(:old.AUTO_ID, :old.Test_serial ,:old.Test_date  );
end;
/
ALTER TRIGGER "FINAL"."HEALTHINFO_TRIGGER2" ENABLE;
--------------------------------------------------------
--  DDL for Trigger QUALIFICATION_TRIGGER
--------------------------------------------------------

  CREATE OR REPLACE TRIGGER "FINAL"."QUALIFICATION_TRIGGER" 
before update of emp_status_no on 
TEMP_Qualification
for each row
begin
insert into qualification(Quali_test_serial, Quali_test_date, Remarks_of_passedtest,
 Amateur) values (:old.Quali_test_serial, :old.Quali_test_date, :old.Remarks_of_passedtest,
 :old.Amateur);
insert into education(Quali_test_serial, Quali_test_date, Edu_details)
values(:old.Quali_test_serial, :old.Quali_test_date, :old.educational_qualification);

insert into experience(Quali_test_serial, Quali_test_date, Yrs_of_experience , Previous_org )
values(:old.Quali_test_serial, :old.Quali_test_date, :old.Yrs_of_experience, :old.Previous_org );
end;
/
ALTER TRIGGER "FINAL"."QUALIFICATION_TRIGGER" ENABLE;
--------------------------------------------------------
--  DDL for Trigger QUALIFICATION_TRIGGER2
--------------------------------------------------------

  CREATE OR REPLACE TRIGGER "FINAL"."QUALIFICATION_TRIGGER2" 
after update of emp_status_no on 
TEMP_Qualification
for each row
begin
insert into qualified_as(Quali_test_serial ,Quali_test_date ,Emp_id )
values(:old.Quali_test_serial ,:old.Quali_test_date ,:old.AUTO_ID );
end;
/
ALTER TRIGGER "FINAL"."QUALIFICATION_TRIGGER2" ENABLE;
--------------------------------------------------------
--  DDL for Function FINDLEAVE
--------------------------------------------------------

  CREATE OR REPLACE FUNCTION "FINAL"."FINDLEAVE" (x in date, y in date,z in number)
Return number
as
ans number:=0;
begin
select count(application_no) into ans from leave join leave_taken 
using(application_no,application_date) join employee using(emp_id)
where emp_id=z
and application_date between x and y;
return ans;
end;

/
--------------------------------------------------------
--  Constraints for Table TOP_EMPLOYEE
--------------------------------------------------------

  ALTER TABLE "FINAL"."TOP_EMPLOYEE" ADD CONSTRAINT "TOP_EMPLOYEE_EMP_NID_PK" PRIMARY KEY ("EMP_NID")
  USING INDEX PCTFREE 10 INITRANS 2 MAXTRANS 255 COMPUTE STATISTICS 
  STORAGE(INITIAL 65536 NEXT 1048576 MINEXTENTS 1 MAXEXTENTS 2147483645
  PCTINCREASE 0 FREELISTS 1 FREELIST GROUPS 1 BUFFER_POOL DEFAULT FLASH_CACHE DEFAULT CELL_FLASH_CACHE DEFAULT)
  TABLESPACE "USERS"  ENABLE;
--------------------------------------------------------
--  Constraints for Table QUALIFICATION
--------------------------------------------------------

  ALTER TABLE "FINAL"."QUALIFICATION" ADD CONSTRAINT "QUALIFICATION_PK" PRIMARY KEY ("QUALI_TEST_SERIAL", "QUALI_TEST_DATE")
  USING INDEX PCTFREE 10 INITRANS 2 MAXTRANS 255 COMPUTE STATISTICS 
  STORAGE(INITIAL 65536 NEXT 1048576 MINEXTENTS 1 MAXEXTENTS 2147483645
  PCTINCREASE 0 FREELISTS 1 FREELIST GROUPS 1 BUFFER_POOL DEFAULT FLASH_CACHE DEFAULT CELL_FLASH_CACHE DEFAULT)
  TABLESPACE "USERS"  ENABLE;
--------------------------------------------------------
--  Constraints for Table VEHICLE_DAMAGED
--------------------------------------------------------

  ALTER TABLE "FINAL"."VEHICLE_DAMAGED" ADD CONSTRAINT "VEHICLE_DAMAGED_ROUTE_NO_PK" PRIMARY KEY ("ROUTE_NO")
  USING INDEX PCTFREE 10 INITRANS 2 MAXTRANS 255 COMPUTE STATISTICS 
  STORAGE(INITIAL 65536 NEXT 1048576 MINEXTENTS 1 MAXEXTENTS 2147483645
  PCTINCREASE 0 FREELISTS 1 FREELIST GROUPS 1 BUFFER_POOL DEFAULT FLASH_CACHE DEFAULT CELL_FLASH_CACHE DEFAULT)
  TABLESPACE "USERS"  ENABLE;
--------------------------------------------------------
--  Constraints for Table ROUTE
--------------------------------------------------------

  ALTER TABLE "FINAL"."ROUTE" ADD CONSTRAINT "ROUTE_STOPPAGES_UK" UNIQUE ("STOPPAGES")
  USING INDEX PCTFREE 10 INITRANS 2 MAXTRANS 255 COMPUTE STATISTICS 
  STORAGE(INITIAL 65536 NEXT 1048576 MINEXTENTS 1 MAXEXTENTS 2147483645
  PCTINCREASE 0 FREELISTS 1 FREELIST GROUPS 1 BUFFER_POOL DEFAULT FLASH_CACHE DEFAULT CELL_FLASH_CACHE DEFAULT)
  TABLESPACE "USERS"  ENABLE;
  ALTER TABLE "FINAL"."ROUTE" ADD CONSTRAINT "ROUTE_ROUTE_NO_PK" PRIMARY KEY ("ROUTE_NO")
  USING INDEX PCTFREE 10 INITRANS 2 MAXTRANS 255 COMPUTE STATISTICS 
  STORAGE(INITIAL 65536 NEXT 1048576 MINEXTENTS 1 MAXEXTENTS 2147483645
  PCTINCREASE 0 FREELISTS 1 FREELIST GROUPS 1 BUFFER_POOL DEFAULT FLASH_CACHE DEFAULT CELL_FLASH_CACHE DEFAULT)
  TABLESPACE "USERS"  ENABLE;
  ALTER TABLE "FINAL"."ROUTE" MODIFY ("STOPPAGES" NOT NULL ENABLE);
--------------------------------------------------------
--  Constraints for Table DEPENDENTS
--------------------------------------------------------

  ALTER TABLE "FINAL"."DEPENDENTS" ADD CONSTRAINT "DEPENDENTS_DEP_NID_PK" PRIMARY KEY ("DEP_NID")
  USING INDEX PCTFREE 10 INITRANS 2 MAXTRANS 255 COMPUTE STATISTICS 
  STORAGE(INITIAL 65536 NEXT 1048576 MINEXTENTS 1 MAXEXTENTS 2147483645
  PCTINCREASE 0 FREELISTS 1 FREELIST GROUPS 1 BUFFER_POOL DEFAULT FLASH_CACHE DEFAULT CELL_FLASH_CACHE DEFAULT)
  TABLESPACE "USERS"  ENABLE;
--------------------------------------------------------
--  Constraints for Table EMPLOYEE
--------------------------------------------------------

  ALTER TABLE "FINAL"."EMPLOYEE" ADD CONSTRAINT "EMPLOYEE_BIRTH_CERT_NO_UK" UNIQUE ("BIRTH_CERT_NO")
  USING INDEX PCTFREE 10 INITRANS 2 MAXTRANS 255 COMPUTE STATISTICS 
  STORAGE(INITIAL 65536 NEXT 1048576 MINEXTENTS 1 MAXEXTENTS 2147483645
  PCTINCREASE 0 FREELISTS 1 FREELIST GROUPS 1 BUFFER_POOL DEFAULT FLASH_CACHE DEFAULT CELL_FLASH_CACHE DEFAULT)
  TABLESPACE "USERS"  ENABLE;
  ALTER TABLE "FINAL"."EMPLOYEE" ADD CONSTRAINT "EMPLOYEE_EMP_NID_UK" UNIQUE ("EMP_NID")
  USING INDEX PCTFREE 10 INITRANS 2 MAXTRANS 255 COMPUTE STATISTICS 
  STORAGE(INITIAL 65536 NEXT 1048576 MINEXTENTS 1 MAXEXTENTS 2147483645
  PCTINCREASE 0 FREELISTS 1 FREELIST GROUPS 1 BUFFER_POOL DEFAULT FLASH_CACHE DEFAULT CELL_FLASH_CACHE DEFAULT)
  TABLESPACE "USERS"  ENABLE;
  ALTER TABLE "FINAL"."EMPLOYEE" ADD CONSTRAINT "EMPLOYEE_EMP_ID_PK" PRIMARY KEY ("EMP_ID")
  USING INDEX PCTFREE 10 INITRANS 2 MAXTRANS 255 COMPUTE STATISTICS 
  STORAGE(INITIAL 65536 NEXT 1048576 MINEXTENTS 1 MAXEXTENTS 2147483645
  PCTINCREASE 0 FREELISTS 1 FREELIST GROUPS 1 BUFFER_POOL DEFAULT FLASH_CACHE DEFAULT CELL_FLASH_CACHE DEFAULT)
  TABLESPACE "USERS"  ENABLE;
--------------------------------------------------------
--  Constraints for Table DRIVER
--------------------------------------------------------

  ALTER TABLE "FINAL"."DRIVER" ADD CONSTRAINT "DRIVER_DRIVING_LICENSE_PK" PRIMARY KEY ("DRIVING_LICENSE")
  USING INDEX PCTFREE 10 INITRANS 2 MAXTRANS 255 COMPUTE STATISTICS 
  STORAGE(INITIAL 65536 NEXT 1048576 MINEXTENTS 1 MAXEXTENTS 2147483645
  PCTINCREASE 0 FREELISTS 1 FREELIST GROUPS 1 BUFFER_POOL DEFAULT FLASH_CACHE DEFAULT CELL_FLASH_CACHE DEFAULT)
  TABLESPACE "USERS"  ENABLE;
  ALTER TABLE "FINAL"."DRIVER" MODIFY ("CATAGORY" NOT NULL ENABLE);
--------------------------------------------------------
--  Constraints for Table PHONE_NO
--------------------------------------------------------

  ALTER TABLE "FINAL"."PHONE_NO" ADD CONSTRAINT "PHONE_NO_PHONE_NUM_UK" UNIQUE ("PHONE_NUM")
  USING INDEX PCTFREE 10 INITRANS 2 MAXTRANS 255 COMPUTE STATISTICS 
  STORAGE(INITIAL 65536 NEXT 1048576 MINEXTENTS 1 MAXEXTENTS 2147483645
  PCTINCREASE 0 FREELISTS 1 FREELIST GROUPS 1 BUFFER_POOL DEFAULT FLASH_CACHE DEFAULT CELL_FLASH_CACHE DEFAULT)
  TABLESPACE "USERS"  ENABLE;
--------------------------------------------------------
--  Constraints for Table SALARY
--------------------------------------------------------

  ALTER TABLE "FINAL"."SALARY" ADD CONSTRAINT "SALARY_PK" PRIMARY KEY ("TRANSACTION_ID", "TRANSACTION_DATE")
  USING INDEX PCTFREE 10 INITRANS 2 MAXTRANS 255 COMPUTE STATISTICS 
  STORAGE(INITIAL 65536 NEXT 1048576 MINEXTENTS 1 MAXEXTENTS 2147483645
  PCTINCREASE 0 FREELISTS 1 FREELIST GROUPS 1 BUFFER_POOL DEFAULT FLASH_CACHE DEFAULT CELL_FLASH_CACHE DEFAULT)
  TABLESPACE "USERS"  ENABLE;
  ALTER TABLE "FINAL"."SALARY" ADD CHECK (Transport_Allowance>0) ENABLE;
  ALTER TABLE "FINAL"."SALARY" ADD CHECK (Residence_Allowance>0) ENABLE;
  ALTER TABLE "FINAL"."SALARY" ADD CHECK (Food_Allowance>0) ENABLE;
  ALTER TABLE "FINAL"."SALARY" ADD CHECK (Basic>0) ENABLE;
--------------------------------------------------------
--  Constraints for Table SUPERVISOR
--------------------------------------------------------

  ALTER TABLE "FINAL"."SUPERVISOR" ADD CONSTRAINT "SUPERVISOR_SV_ROUTE_UK" UNIQUE ("SV_ROUTE")
  USING INDEX PCTFREE 10 INITRANS 2 MAXTRANS 255 COMPUTE STATISTICS 
  STORAGE(INITIAL 65536 NEXT 1048576 MINEXTENTS 1 MAXEXTENTS 2147483645
  PCTINCREASE 0 FREELISTS 1 FREELIST GROUPS 1 BUFFER_POOL DEFAULT FLASH_CACHE DEFAULT CELL_FLASH_CACHE DEFAULT)
  TABLESPACE "USERS"  ENABLE;
  ALTER TABLE "FINAL"."SUPERVISOR" ADD CONSTRAINT "SUPERVISOR_ROUTE_NO_PK" PRIMARY KEY ("ROUTE_NO")
  USING INDEX PCTFREE 10 INITRANS 2 MAXTRANS 255 COMPUTE STATISTICS 
  STORAGE(INITIAL 65536 NEXT 1048576 MINEXTENTS 1 MAXEXTENTS 2147483645
  PCTINCREASE 0 FREELISTS 1 FREELIST GROUPS 1 BUFFER_POOL DEFAULT FLASH_CACHE DEFAULT CELL_FLASH_CACHE DEFAULT)
  TABLESPACE "USERS"  ENABLE;
--------------------------------------------------------
--  Constraints for Table BONUS
--------------------------------------------------------

  ALTER TABLE "FINAL"."BONUS" ADD CONSTRAINT "BONUS_PK" PRIMARY KEY ("PAY_DATE", "PAY_SERIAL_NO")
  USING INDEX PCTFREE 10 INITRANS 2 MAXTRANS 255 COMPUTE STATISTICS 
  STORAGE(INITIAL 65536 NEXT 1048576 MINEXTENTS 1 MAXEXTENTS 2147483645
  PCTINCREASE 0 FREELISTS 1 FREELIST GROUPS 1 BUFFER_POOL DEFAULT FLASH_CACHE DEFAULT CELL_FLASH_CACHE DEFAULT)
  TABLESPACE "USERS"  ENABLE;
--------------------------------------------------------
--  Constraints for Table PENALTY
--------------------------------------------------------

  ALTER TABLE "FINAL"."PENALTY" ADD CONSTRAINT "PENALTY_PK" PRIMARY KEY ("SLIP_NO", "PENALTY_DATE")
  USING INDEX PCTFREE 10 INITRANS 2 MAXTRANS 255 COMPUTE STATISTICS 
  STORAGE(INITIAL 65536 NEXT 1048576 MINEXTENTS 1 MAXEXTENTS 2147483645
  PCTINCREASE 0 FREELISTS 1 FREELIST GROUPS 1 BUFFER_POOL DEFAULT FLASH_CACHE DEFAULT CELL_FLASH_CACHE DEFAULT)
  TABLESPACE "USERS"  ENABLE;
--------------------------------------------------------
--  Constraints for Table HEALTHINFO
--------------------------------------------------------

  ALTER TABLE "FINAL"."HEALTHINFO" ADD CONSTRAINT "HEALTHINFO_PK" PRIMARY KEY ("TEST_SERIAL", "TEST_DATE")
  USING INDEX PCTFREE 10 INITRANS 2 MAXTRANS 255 COMPUTE STATISTICS 
  STORAGE(INITIAL 65536 NEXT 1048576 MINEXTENTS 1 MAXEXTENTS 2147483645
  PCTINCREASE 0 FREELISTS 1 FREELIST GROUPS 1 BUFFER_POOL DEFAULT FLASH_CACHE DEFAULT CELL_FLASH_CACHE DEFAULT)
  TABLESPACE "USERS"  ENABLE;
  ALTER TABLE "FINAL"."HEALTHINFO" ADD CONSTRAINT "HEALTHINFO_DRUG_TEST_CK" CHECK (Drug_test='Not_addicted') ENABLE;
  ALTER TABLE "FINAL"."HEALTHINFO" MODIFY ("DRUG_TEST" NOT NULL ENABLE);
  ALTER TABLE "FINAL"."HEALTHINFO" MODIFY ("EYESIGHT" NOT NULL ENABLE);
  ALTER TABLE "FINAL"."HEALTHINFO" MODIFY ("WEIGHT" NOT NULL ENABLE);
  ALTER TABLE "FINAL"."HEALTHINFO" MODIFY ("HEIGHT" NOT NULL ENABLE);
  ALTER TABLE "FINAL"."HEALTHINFO" MODIFY ("BLOOD_GROUP" NOT NULL ENABLE);
--------------------------------------------------------
--  Constraints for Table WORKING_DAYS
--------------------------------------------------------

  ALTER TABLE "FINAL"."WORKING_DAYS" ADD CONSTRAINT "WORKING_DAYS_PK" PRIMARY KEY ("CURRENT_DATE1", "ATTEND_SER")
  USING INDEX PCTFREE 10 INITRANS 2 MAXTRANS 255 COMPUTE STATISTICS 
  STORAGE(INITIAL 65536 NEXT 1048576 MINEXTENTS 1 MAXEXTENTS 2147483645
  PCTINCREASE 0 FREELISTS 1 FREELIST GROUPS 1 BUFFER_POOL DEFAULT FLASH_CACHE DEFAULT CELL_FLASH_CACHE DEFAULT)
  TABLESPACE "USERS"  ENABLE;
--------------------------------------------------------
--  Constraints for Table FEEDBACK
--------------------------------------------------------

  ALTER TABLE "FINAL"."FEEDBACK" ADD CONSTRAINT "FEEDBACK_EMP_NID_PK" PRIMARY KEY ("EMP_NID")
  USING INDEX PCTFREE 10 INITRANS 2 MAXTRANS 255 COMPUTE STATISTICS 
  STORAGE(INITIAL 65536 NEXT 1048576 MINEXTENTS 1 MAXEXTENTS 2147483645
  PCTINCREASE 0 FREELISTS 1 FREELIST GROUPS 1 BUFFER_POOL DEFAULT FLASH_CACHE DEFAULT CELL_FLASH_CACHE DEFAULT)
  TABLESPACE "USERS"  ENABLE;
--------------------------------------------------------
--  Constraints for Table LEAVE
--------------------------------------------------------

  ALTER TABLE "FINAL"."LEAVE" ADD CONSTRAINT "LEAVE_PK" PRIMARY KEY ("APPLICATION_NO", "APPLICATION_DATE")
  USING INDEX PCTFREE 10 INITRANS 2 MAXTRANS 255 COMPUTE STATISTICS 
  STORAGE(INITIAL 65536 NEXT 1048576 MINEXTENTS 1 MAXEXTENTS 2147483645
  PCTINCREASE 0 FREELISTS 1 FREELIST GROUPS 1 BUFFER_POOL DEFAULT FLASH_CACHE DEFAULT CELL_FLASH_CACHE DEFAULT)
  TABLESPACE "USERS"  ENABLE;
--------------------------------------------------------
--  Constraints for Table COMPANYINFO
--------------------------------------------------------

  ALTER TABLE "FINAL"."COMPANYINFO" ADD CONSTRAINT "COMPANYINFO_OFFICE_NO_PK" PRIMARY KEY ("OFFICE_NO")
  USING INDEX PCTFREE 10 INITRANS 2 MAXTRANS 255 COMPUTE STATISTICS 
  STORAGE(INITIAL 65536 NEXT 1048576 MINEXTENTS 1 MAXEXTENTS 2147483645
  PCTINCREASE 0 FREELISTS 1 FREELIST GROUPS 1 BUFFER_POOL DEFAULT FLASH_CACHE DEFAULT CELL_FLASH_CACHE DEFAULT)
  TABLESPACE "USERS"  ENABLE;
  ALTER TABLE "FINAL"."COMPANYINFO" MODIFY ("OFFICE_ACC_NO" NOT NULL ENABLE);
  ALTER TABLE "FINAL"."COMPANYINFO" MODIFY ("BRANCH_NAME" NOT NULL ENABLE);
--------------------------------------------------------
--  Constraints for Table INSURANCE
--------------------------------------------------------

  ALTER TABLE "FINAL"."INSURANCE" ADD CONSTRAINT "INSURANCE_INSURANCE_ID_PK" PRIMARY KEY ("INSURANCE_ID")
  USING INDEX PCTFREE 10 INITRANS 2 MAXTRANS 255 COMPUTE STATISTICS 
  STORAGE(INITIAL 65536 NEXT 1048576 MINEXTENTS 1 MAXEXTENTS 2147483645
  PCTINCREASE 0 FREELISTS 1 FREELIST GROUPS 1 BUFFER_POOL DEFAULT FLASH_CACHE DEFAULT CELL_FLASH_CACHE DEFAULT)
  TABLESPACE "USERS"  ENABLE;
  ALTER TABLE "FINAL"."INSURANCE" ADD CHECK (Insurance_amount>0) ENABLE;
  ALTER TABLE "FINAL"."INSURANCE" MODIFY ("COMPANY_NAME" NOT NULL ENABLE);
--------------------------------------------------------
--  Constraints for Table OFFICE_CONTACT_INFO
--------------------------------------------------------

  ALTER TABLE "FINAL"."OFFICE_CONTACT_INFO" ADD CONSTRAINT "OC_OFFICE_CONTACT_NO_UK" UNIQUE ("OFFICE_CONTACT_NO")
  USING INDEX PCTFREE 10 INITRANS 2 MAXTRANS 255 COMPUTE STATISTICS 
  STORAGE(INITIAL 65536 NEXT 1048576 MINEXTENTS 1 MAXEXTENTS 2147483645
  PCTINCREASE 0 FREELISTS 1 FREELIST GROUPS 1 BUFFER_POOL DEFAULT FLASH_CACHE DEFAULT CELL_FLASH_CACHE DEFAULT)
  TABLESPACE "USERS"  ENABLE;
--------------------------------------------------------
--  Constraints for Table EMERGENCY_HELP
--------------------------------------------------------

  ALTER TABLE "FINAL"."EMERGENCY_HELP" ADD CONSTRAINT "EMERGENCY_HELP_EMP_ID_PK" PRIMARY KEY ("EMP_ID")
  USING INDEX PCTFREE 10 INITRANS 2 MAXTRANS 255 COMPUTE STATISTICS 
  STORAGE(INITIAL 65536 NEXT 1048576 MINEXTENTS 1 MAXEXTENTS 2147483645
  PCTINCREASE 0 FREELISTS 1 FREELIST GROUPS 1 BUFFER_POOL DEFAULT FLASH_CACHE DEFAULT CELL_FLASH_CACHE DEFAULT)
  TABLESPACE "USERS"  ENABLE;
  ALTER TABLE "FINAL"."EMERGENCY_HELP" ADD CHECK (Help_amount>1000) ENABLE;
--------------------------------------------------------
--  Constraints for Table EMAIL
--------------------------------------------------------

  ALTER TABLE "FINAL"."EMAIL" ADD CONSTRAINT "EMAIL_EMAIL_ID_UK" UNIQUE ("EMAIL_ID")
  USING INDEX PCTFREE 10 INITRANS 2 MAXTRANS 255 COMPUTE STATISTICS 
  STORAGE(INITIAL 65536 NEXT 1048576 MINEXTENTS 1 MAXEXTENTS 2147483645
  PCTINCREASE 0 FREELISTS 1 FREELIST GROUPS 1 BUFFER_POOL DEFAULT FLASH_CACHE DEFAULT CELL_FLASH_CACHE DEFAULT)
  TABLESPACE "USERS"  ENABLE;
  ALTER TABLE "FINAL"."EMAIL" MODIFY ("EMAIL_ID" NOT NULL ENABLE);
--------------------------------------------------------
--  Constraints for Table CONTACT_NUM
--------------------------------------------------------

  ALTER TABLE "FINAL"."CONTACT_NUM" ADD CONSTRAINT "CONTACT_NUM_CONTACTNUMBER_UK" UNIQUE ("CONTACTNUMBER")
  USING INDEX PCTFREE 10 INITRANS 2 MAXTRANS 255 COMPUTE STATISTICS 
  STORAGE(INITIAL 65536 NEXT 1048576 MINEXTENTS 1 MAXEXTENTS 2147483645
  PCTINCREASE 0 FREELISTS 1 FREELIST GROUPS 1 BUFFER_POOL DEFAULT FLASH_CACHE DEFAULT CELL_FLASH_CACHE DEFAULT)
  TABLESPACE "USERS"  ENABLE;
--------------------------------------------------------
--  Constraints for Table ASSIGNEDVEHICLE
--------------------------------------------------------

  ALTER TABLE "FINAL"."ASSIGNEDVEHICLE" ADD CONSTRAINT "ASSIGNEDVEHICLE_REG_NUMBER_PK" PRIMARY KEY ("REG_NUMBER")
  USING INDEX PCTFREE 10 INITRANS 2 MAXTRANS 255 COMPUTE STATISTICS 
  STORAGE(INITIAL 65536 NEXT 1048576 MINEXTENTS 1 MAXEXTENTS 2147483645
  PCTINCREASE 0 FREELISTS 1 FREELIST GROUPS 1 BUFFER_POOL DEFAULT FLASH_CACHE DEFAULT CELL_FLASH_CACHE DEFAULT)
  TABLESPACE "USERS"  ENABLE;
  ALTER TABLE "FINAL"."ASSIGNEDVEHICLE" MODIFY ("VEH_TYPE" NOT NULL ENABLE);
--------------------------------------------------------
--  Ref Constraints for Table ASSIGNED
--------------------------------------------------------

  ALTER TABLE "FINAL"."ASSIGNED" ADD CONSTRAINT "ASSIGNED_DRIVING_LICENSE_FK" FOREIGN KEY ("DRIVING_LICENSE")
	  REFERENCES "FINAL"."DRIVER" ("DRIVING_LICENSE") ON DELETE CASCADE ENABLE;
  ALTER TABLE "FINAL"."ASSIGNED" ADD CONSTRAINT "ASSIGNED_REG_NUMBER_FK" FOREIGN KEY ("REG_NUMBER")
	  REFERENCES "FINAL"."ASSIGNEDVEHICLE" ("REG_NUMBER") ON DELETE CASCADE ENABLE;
--------------------------------------------------------
--  Ref Constraints for Table BECOMES
--------------------------------------------------------

  ALTER TABLE "FINAL"."BECOMES" ADD CONSTRAINT "BECOMES_EMP_ID_FK" FOREIGN KEY ("EMP_ID")
	  REFERENCES "FINAL"."EMPLOYEE" ("EMP_ID") ON DELETE CASCADE ENABLE;
  ALTER TABLE "FINAL"."BECOMES" ADD CONSTRAINT "BECOMES_EMP_NID_FK" FOREIGN KEY ("EMP_NID")
	  REFERENCES "FINAL"."TOP_EMPLOYEE" ("EMP_NID") ON DELETE CASCADE ENABLE;
--------------------------------------------------------
--  Ref Constraints for Table CONTACT_NUM
--------------------------------------------------------

  ALTER TABLE "FINAL"."CONTACT_NUM" ADD CONSTRAINT "CONTACT_NUM_DEP_NID_FK" FOREIGN KEY ("DEP_NID")
	  REFERENCES "FINAL"."DEPENDENTS" ("DEP_NID") ON DELETE CASCADE ENABLE;
--------------------------------------------------------
--  Ref Constraints for Table DEPENDS_ON
--------------------------------------------------------

  ALTER TABLE "FINAL"."DEPENDS_ON" ADD CONSTRAINT "DEPENDS_ON_DEP_NID_FK" FOREIGN KEY ("DEP_NID")
	  REFERENCES "FINAL"."DEPENDENTS" ("DEP_NID") ON DELETE CASCADE ENABLE;
  ALTER TABLE "FINAL"."DEPENDS_ON" ADD CONSTRAINT "DEPENDS_ON_EMP_ID_FK" FOREIGN KEY ("EMP_ID")
	  REFERENCES "FINAL"."EMPLOYEE" ("EMP_ID") ON DELETE CASCADE ENABLE;
--------------------------------------------------------
--  Ref Constraints for Table DRIVER
--------------------------------------------------------

  ALTER TABLE "FINAL"."DRIVER" ADD CONSTRAINT "DRIVER_EMP_ID_FK" FOREIGN KEY ("EMP_ID")
	  REFERENCES "FINAL"."EMPLOYEE" ("EMP_ID") ON DELETE CASCADE ENABLE;
--------------------------------------------------------
--  Ref Constraints for Table EDUCATION
--------------------------------------------------------

  ALTER TABLE "FINAL"."EDUCATION" ADD CONSTRAINT "EDUCATIONN_FK" FOREIGN KEY ("QUALI_TEST_SERIAL", "QUALI_TEST_DATE")
	  REFERENCES "FINAL"."QUALIFICATION" ("QUALI_TEST_SERIAL", "QUALI_TEST_DATE") ON DELETE CASCADE ENABLE;
--------------------------------------------------------
--  Ref Constraints for Table EMAIL
--------------------------------------------------------

  ALTER TABLE "FINAL"."EMAIL" ADD CONSTRAINT "EMAIL_EMP_ID_FK" FOREIGN KEY ("EMP_ID")
	  REFERENCES "FINAL"."EMPLOYEE" ("EMP_ID") ON DELETE CASCADE ENABLE;
--------------------------------------------------------
--  Ref Constraints for Table EXPERIENCE
--------------------------------------------------------

  ALTER TABLE "FINAL"."EXPERIENCE" ADD CONSTRAINT "EXPERIENCE_FK" FOREIGN KEY ("QUALI_TEST_SERIAL", "QUALI_TEST_DATE")
	  REFERENCES "FINAL"."QUALIFICATION" ("QUALI_TEST_SERIAL", "QUALI_TEST_DATE") ON DELETE CASCADE ENABLE;
--------------------------------------------------------
--  Ref Constraints for Table GETS_FEEDBACK
--------------------------------------------------------

  ALTER TABLE "FINAL"."GETS_FEEDBACK" ADD CONSTRAINT "GETS_FEEDBACK_EMP_ID_FK" FOREIGN KEY ("EMP_ID")
	  REFERENCES "FINAL"."EMPLOYEE" ("EMP_ID") ON DELETE CASCADE ENABLE;
  ALTER TABLE "FINAL"."GETS_FEEDBACK" ADD CONSTRAINT "GETS_FEEDBACK_EMP_NID_FK" FOREIGN KEY ("EMP_NID")
	  REFERENCES "FINAL"."FEEDBACK" ("EMP_NID") ON DELETE CASCADE ENABLE;
--------------------------------------------------------
--  Ref Constraints for Table GETS_PAID
--------------------------------------------------------

  ALTER TABLE "FINAL"."GETS_PAID" ADD CONSTRAINT "GETS_PAID_EMP_ID_FK" FOREIGN KEY ("EMP_ID")
	  REFERENCES "FINAL"."EMPLOYEE" ("EMP_ID") ON DELETE CASCADE ENABLE;
  ALTER TABLE "FINAL"."GETS_PAID" ADD CONSTRAINT "GETS_PAID_FK" FOREIGN KEY ("TRANSACTION_ID", "TRANSACTION_DATE")
	  REFERENCES "FINAL"."SALARY" ("TRANSACTION_ID", "TRANSACTION_DATE") ON DELETE CASCADE ENABLE;
--------------------------------------------------------
--  Ref Constraints for Table GOES_IN
--------------------------------------------------------

  ALTER TABLE "FINAL"."GOES_IN" ADD CONSTRAINT "GOES_IN_DRIVING_LICENSE_FK" FOREIGN KEY ("DRIVING_LICENSE")
	  REFERENCES "FINAL"."DRIVER" ("DRIVING_LICENSE") ON DELETE CASCADE ENABLE;
  ALTER TABLE "FINAL"."GOES_IN" ADD CONSTRAINT "GOES_IN_REG_NUMBER_FK" FOREIGN KEY ("REG_NUMBER")
	  REFERENCES "FINAL"."ASSIGNEDVEHICLE" ("REG_NUMBER") ON DELETE CASCADE ENABLE;
--------------------------------------------------------
--  Ref Constraints for Table GOT_DAMAGED
--------------------------------------------------------

  ALTER TABLE "FINAL"."GOT_DAMAGED" ADD CONSTRAINT "GOT_DAMAGED_REG_NUMBER_FK" FOREIGN KEY ("REG_NUMBER")
	  REFERENCES "FINAL"."ASSIGNEDVEHICLE" ("REG_NUMBER") ON DELETE CASCADE ENABLE;
  ALTER TABLE "FINAL"."GOT_DAMAGED" ADD CONSTRAINT "GOT_DAMAGED_ROUTE_NO_FK" FOREIGN KEY ("ROUTE_NO")
	  REFERENCES "FINAL"."VEHICLE_DAMAGED" ("ROUTE_NO") ON DELETE CASCADE ENABLE;
--------------------------------------------------------
--  Ref Constraints for Table HAS_INSURANCE
--------------------------------------------------------

  ALTER TABLE "FINAL"."HAS_INSURANCE" ADD CONSTRAINT "HAS_INSURANCE_EMP_ID_FK" FOREIGN KEY ("EMP_ID")
	  REFERENCES "FINAL"."EMPLOYEE" ("EMP_ID") ON DELETE CASCADE ENABLE;
  ALTER TABLE "FINAL"."HAS_INSURANCE" ADD CONSTRAINT "HAS_INSURANCE_INSURANCE_ID_FK" FOREIGN KEY ("INSURANCE_ID")
	  REFERENCES "FINAL"."INSURANCE" ("INSURANCE_ID") ON DELETE CASCADE ENABLE;
--------------------------------------------------------
--  Ref Constraints for Table HEALTH_CONDITION
--------------------------------------------------------

  ALTER TABLE "FINAL"."HEALTH_CONDITION" ADD CONSTRAINT "HEALTH_CONDITION_EMP_ID_FK" FOREIGN KEY ("EMP_ID")
	  REFERENCES "FINAL"."EMPLOYEE" ("EMP_ID") ON DELETE CASCADE ENABLE;
  ALTER TABLE "FINAL"."HEALTH_CONDITION" ADD CONSTRAINT "HEALTH_CONDITION_FK" FOREIGN KEY ("TEST_SERIAL", "TEST_DATE")
	  REFERENCES "FINAL"."HEALTHINFO" ("TEST_SERIAL", "TEST_DATE") ON DELETE CASCADE ENABLE;
--------------------------------------------------------
--  Ref Constraints for Table INCLUDES
--------------------------------------------------------

  ALTER TABLE "FINAL"."INCLUDES" ADD CONSTRAINT "INCLUDES_FK_PAY_DATE" FOREIGN KEY ("PAY_DATE", "PAY_SERIAL_NO")
	  REFERENCES "FINAL"."BONUS" ("PAY_DATE", "PAY_SERIAL_NO") ON DELETE CASCADE ENABLE;
  ALTER TABLE "FINAL"."INCLUDES" ADD CONSTRAINT "INCLUDES_FK_TRANS_ID" FOREIGN KEY ("TRANSACTION_ID", "TRANSACTION_DATE")
	  REFERENCES "FINAL"."SALARY" ("TRANSACTION_ID", "TRANSACTION_DATE") ON DELETE CASCADE ENABLE;
--------------------------------------------------------
--  Ref Constraints for Table LEAVE_TAKEN
--------------------------------------------------------

  ALTER TABLE "FINAL"."LEAVE_TAKEN" ADD CONSTRAINT "LEAVE_TAKEN_EMP_ID_FK" FOREIGN KEY ("EMP_ID")
	  REFERENCES "FINAL"."EMPLOYEE" ("EMP_ID") ON DELETE CASCADE ENABLE;
  ALTER TABLE "FINAL"."LEAVE_TAKEN" ADD CONSTRAINT "LEAVE_TAKEN_FK" FOREIGN KEY ("APPLICATION_NO", "APPLICATION_DATE")
	  REFERENCES "FINAL"."LEAVE" ("APPLICATION_NO", "APPLICATION_DATE") ON DELETE CASCADE ENABLE;
--------------------------------------------------------
--  Ref Constraints for Table OFFICE_CONTACT_INFO
--------------------------------------------------------

  ALTER TABLE "FINAL"."OFFICE_CONTACT_INFO" ADD CONSTRAINT "OC_OFFICE_NO_FK" FOREIGN KEY ("OFFICE_NO")
	  REFERENCES "FINAL"."COMPANYINFO" ("OFFICE_NO") ON DELETE CASCADE ENABLE;
--------------------------------------------------------
--  Ref Constraints for Table PENALTY_CHARGED
--------------------------------------------------------

  ALTER TABLE "FINAL"."PENALTY_CHARGED" ADD CONSTRAINT "PENALTY_CHARGED_EMP_ID_FK" FOREIGN KEY ("EMP_ID")
	  REFERENCES "FINAL"."EMPLOYEE" ("EMP_ID") ON DELETE CASCADE ENABLE;
  ALTER TABLE "FINAL"."PENALTY_CHARGED" ADD CONSTRAINT "PENALTY_CHARGED_FK" FOREIGN KEY ("SLIP_NO", "PENALTY_DATE")
	  REFERENCES "FINAL"."PENALTY" ("SLIP_NO", "PENALTY_DATE") ON DELETE CASCADE ENABLE;
--------------------------------------------------------
--  Ref Constraints for Table PHONE_NO
--------------------------------------------------------

  ALTER TABLE "FINAL"."PHONE_NO" ADD CONSTRAINT "PHONE_NO_EMP_ID_FK" FOREIGN KEY ("EMP_ID")
	  REFERENCES "FINAL"."EMPLOYEE" ("EMP_ID") ON DELETE CASCADE ENABLE;
--------------------------------------------------------
--  Ref Constraints for Table PROVIDES
--------------------------------------------------------

  ALTER TABLE "FINAL"."PROVIDES" ADD CONSTRAINT "PROVIDES_EMP_ID_FK" FOREIGN KEY ("EMP_ID")
	  REFERENCES "FINAL"."EMPLOYEE" ("EMP_ID") ON DELETE CASCADE ENABLE;
  ALTER TABLE "FINAL"."PROVIDES" ADD CONSTRAINT "PROVIDES_OFFICE_NO_FK" FOREIGN KEY ("OFFICE_NO")
	  REFERENCES "FINAL"."COMPANYINFO" ("OFFICE_NO") ON DELETE CASCADE ENABLE;
--------------------------------------------------------
--  Ref Constraints for Table QUALIFIED_AS
--------------------------------------------------------

  ALTER TABLE "FINAL"."QUALIFIED_AS" ADD CONSTRAINT "QUALIFIED_AS_EMP_ID_FK" FOREIGN KEY ("EMP_ID")
	  REFERENCES "FINAL"."EMPLOYEE" ("EMP_ID") ON DELETE CASCADE ENABLE;
  ALTER TABLE "FINAL"."QUALIFIED_AS" ADD CONSTRAINT "QUALIFIED_AS_FK" FOREIGN KEY ("QUALI_TEST_SERIAL", "QUALI_TEST_DATE")
	  REFERENCES "FINAL"."QUALIFICATION" ("QUALI_TEST_SERIAL", "QUALI_TEST_DATE") ON DELETE CASCADE ENABLE;
--------------------------------------------------------
--  Ref Constraints for Table REASON
--------------------------------------------------------

  ALTER TABLE "FINAL"."REASON" ADD CONSTRAINT "REASONN_FK" FOREIGN KEY ("PAY_DATE", "PAY_SERIAL_NO")
	  REFERENCES "FINAL"."BONUS" ("PAY_DATE", "PAY_SERIAL_NO") ON DELETE CASCADE ENABLE;
--------------------------------------------------------
--  Ref Constraints for Table SUPERVISOR
--------------------------------------------------------

  ALTER TABLE "FINAL"."SUPERVISOR" ADD CONSTRAINT "SUPERVISOR_EMP_ID_FK" FOREIGN KEY ("EMP_ID")
	  REFERENCES "FINAL"."EMPLOYEE" ("EMP_ID") ON DELETE CASCADE ENABLE;
--------------------------------------------------------
--  Ref Constraints for Table WORKS_IN
--------------------------------------------------------

  ALTER TABLE "FINAL"."WORKS_IN" ADD CONSTRAINT "WORKS_IN_EMP_ID_FK" FOREIGN KEY ("EMP_ID")
	  REFERENCES "FINAL"."EMPLOYEE" ("EMP_ID") ON DELETE CASCADE ENABLE;
  ALTER TABLE "FINAL"."WORKS_IN" ADD CONSTRAINT "WORKS_IN_OFFICE_NO_FK" FOREIGN KEY ("OFFICE_NO")
	  REFERENCES "FINAL"."COMPANYINFO" ("OFFICE_NO") ON DELETE CASCADE ENABLE;
